feature_id,adj_pvalue,basal_1,basal_2,basal_3,mean_x,standard deviation_x,insulin_1,insulin_2,insulin_3,mean_y,standard.deviation_y,log2FC,diff,pvalue,hgnc_symbol,ensembl_gene_id_version,wikigene_description,transcript_biotype,transcript_length,betrag
ENST00000562373,0.398936674,0.107783,0.521999,0,0.209927333,0.225012352,1.0674305,61.88475,3.47283,22.14167017,28.11975323,6.720730217,21.93174283,0.382009775,NR4A1,ENSG00000123358.20,nuclear receptor subfamily 4 group A member 1,protein_coding,838,6.720730217
ENST00000394825,1,5.58943,0.90316715,1.300779,2.59779205,2.121626265,6.532845,198.206,7.772585,70.83714333,90.06480435,4.769148179,68.23935128,0.401280054,NR4A1,ENSG00000123358.20,nuclear receptor subfamily 4 group A member 1,protein_coding,2485,4.769148179
ENST00000597629,1,2.0691055,11.31682,8.500515,7.295480167,3.870326221,0.14568885,380.47,74.1558,151.5904963,164.6384818,4.377032564,144.2950161,0.333443089,ZFP36,ENSG00000128016.7,ZFP36 ring finger protein,protein_coding,1747,4.377032564
ENST00000524088,1,0.3143025,1.209424,0.2500055,0.591244,0.437906695,0.50366,26.98475,2.302515,9.930308333,12.08165152,4.070012971,9.339064333,0.374430473,EGR3,ENSG00000179388.9,early growth response 3,protein_coding_CDS_not_defined,1230,4.070012971
ENST00000402045,0.96059063,0.287807815,0.3078665,0.2951195,0.296931272,0.00828853,12.10024,0.848255,0.36571235,4.438069117,5.421553211,3.90173119,4.141137845,0.393432314,LFNG,ENSG00000106003.14,LFNG O-fucosylpeptide 3-beta-N-acetylglucosaminyltransferase,protein_coding,2058,3.90173119
ENST00000468383,0.000145675,0.118936346,0.543525,0,0.220820449,0.233295427,5.579965,2.218295,1.64178,3.14668,1.736615349,3.832884791,2.925859551,0.147323072,FMC1,ENSG00000164898.13,formation of mitochondrial complex V assembly factor 1 homolog,protein_coding_CDS_not_defined,345,3.832884791
ENST00000522910,1,2.7833,1.1624445,0.6469805,1.530908333,0.9102342,2.3821415,54.923,2.32966,19.87826717,24.78037749,3.698732194,18.34735883,0.409192868,EGR3,ENSG00000179388.9,early growth response 3,protein_coding,1553,3.698732194
ENST00000445766,0.000884949,0.044699312,0.001494319,0.81649345,0.287562361,0.374426442,5.720075,2.04383,2.396435,3.38678,1.656156542,3.557967518,3.099217639,0.139075648,PRICKLE1,ENSG00000139174.12,prickle planar cell polarity protein 1,protein_coding,4075,3.557967518
ENST00000317216,1,7.295725,3.83622,2.22302,4.451655,2.116152827,8.912595,137.9415,10.38661,52.41356833,60.48037424,3.557526637,47.96191333,0.38173223,EGR3,ENSG00000179388.9,early growth response 3,protein_coding,4514,3.557526637
ENST00000652362,5.81E-05,0,1.143125,0,0.381041667,0.538874293,6.090615,4.668895,1.110235,3.956581667,2.094689945,3.376233867,3.57554,0.130750204,GTF2IRD2,ENSG00000196275.16,GTF2I repeat domain containing 2,protein_coding_CDS_not_defined,146,3.376233867
ENST00000339562,1,0.2757995,0.665637,0.229542,0.390326167,0.195587969,0.135103,11.35155,0.4437735,3.976808833,5.216251836,3.348859126,3.586482667,0.418843841,NR4A2,ENSG00000153234.16,nuclear receptor subfamily 4 group A member 2,protein_coding,3472,3.348859126
ENST00000618101,1,0,0.6263265,0.607849,0.411391833,0.290995744,0.1379095,8.947175,1.043786,3.376290167,3.956532272,3.036853838,2.964898333,0.383762491,NR4A3,ENSG00000119508.18,nuclear receptor subfamily 4 group A member 3,protein_coding,5706,3.036853838
ENST00000550304,1,0.63153,6.92566,0.3367645,2.631318167,3.038941758,0,0.346474,0.624961,0.323811667,0.255642001,-3.022558832,-2.3075065,0.395874296,LRIG3,ENSG00000139263.12,leucine rich repeats and immunoglobulin like domains 3,retained_intron,249,3.022558832
ENST00000696111,0.000400196,0.58491,0.3574075,0,0.314105833,0.240743574,2.515435,2.354075,2.67969,2.5164,0.132933518,3.002038626,2.202294167,0.011617082,CTPS1,ENSG00000171793.17,CTP synthase 1,protein_coding,251,3.002038626
ENST00000395097,1,0.7651535,2.06878,0.339547847,1.057827116,0.735664935,0.723176,21.85855,1.0824915,7.8880725,9.879708433,2.89856895,6.830245384,0.402621783,NR4A3,ENSG00000119508.18,nuclear receptor subfamily 4 group A member 3,protein_coding,5604,2.89856895
ENST00000493850,1,2.00925,0.191846,0.153996,0.785030667,0.865791695,15.433155,1.132588,0.7634695,5.776404167,6.830016574,2.879350771,4.9913735,0.35820989,LFNG,ENSG00000106003.14,LFNG O-fucosylpeptide 3-beta-N-acetylglucosaminyltransferase,retained_intron,804,2.879350771
ENST00000487985,0.11001127,0.466582,0,0,0.155527333,0.219948864,0.8951805,2.000835,0.3897865,1.095267333,0.672753235,2.816042991,0.93974,0.218597184,AKR1E2,ENSG00000165568.18,aldo-keto reductase family 1 member E2,protein_coding,381,2.816042991
ENST00000563078,0.009148024,0.9503565,1.084611,1.33939,1.124785833,0.161342863,0.376015,0,0.114353,0.163456,0.157385193,-2.782676089,-0.961329833,0.039784144,NETO2,ENSG00000171208.10,neuropilin and tolloid like 2,protein_coding,581,2.782676089
ENST00000477188,0.312925408,0,0.4631345,0.1229965,0.195377,0.195878523,0.3186705,2.642325,0.789736,1.250243833,1.002960005,2.677876942,1.054866833,0.205988537,MMACHC,ENSG00000132763.15,metabolism of cobalamin associated C,protein_coding_CDS_not_defined,607,2.677876942
ENST00000439491,0.025587808,0.388017,0.06643,0,0.151482333,0.169439709,1.2212015,0.37419125,1.180595,0.92532925,0.390065843,2.610817247,0.773846917,0.092771106,SLC29A4,ENSG00000164638.11,solute carrier family 29 member 4,protein_coding_CDS_not_defined,805,2.610817247
ENST00000467354,0.035108354,0.813345,2.40141,1.635455,1.616736667,0.648459916,0.79618,7.41E-07,0.01618055,0.270787097,0.371567601,-2.57785381,-1.345949569,0.195119418,RGL4,ENSG00000159496.15,ral guanine nucleotide dissociation stimulator like 4,retained_intron,2699,2.57785381
ENST00000592811,0.761330066,2.79758,0.5380095,0.5063965,1.280662,1.072700645,1.09271,19.99155,1.66409,7.582783333,8.777423176,2.565837739,6.302121333,0.442011188,FOSB,ENSG00000125740.14,"FosB proto-oncogene, AP-1 transcription factor subunit",protein_coding,3089,2.565837739
ENST00000508487,0.912187377,0.909943,19.08925,11.01825,10.33914767,7.43718969,0.956032,148.7045,31.9934,60.55131067,63.60853268,2.55004093,50.212163,0.337630969,CXCL2,ENSG00000081041.9,C-X-C motif chemokine ligand 2,protein_coding,1115,2.55004093
ENST00000292433,0.003676669,25.42975,8.02256,12.0694,15.17390333,7.437787379,42.4158,177.944,36.53565,85.63181667,65.31869786,2.49655468,70.45791333,0.292590507,IER2,ENSG00000160888.7,immediate early response 2,protein_coding,2110,2.49655468
ENST00000411816,0.006057514,1.69617,2.20537,2.043945,1.981828333,0.212469637,0.185269,0,0.8689355,0.3514015,0.373686349,-2.495639746,-1.630426833,0.032924009,ACADSB,ENSG00000196177.13,acyl-CoA dehydrogenase short/branched chain,protein_coding_CDS_not_defined,512,2.495639746
ENST00000481633,0.068880237,0,2.55129,0,0.85043,1.20268964,3.73319,2.43657,8.156845,4.775535,2.448843107,2.489397971,3.925105,0.242195533,MAD1L1,ENSG00000002822.16,mitotic arrest deficient 1 like 1,protein_coding_CDS_not_defined,548,2.489397971
ENST00000460460,0.912187377,0.7008715,0.368153,0.188065,0.419029833,0.212420912,2.584045,3.21808,1.2484995,2.350208167,0.820902587,2.48766368,1.931178333,0.064814647,TTC21A,ENSG00000168026.19,tetratricopeptide repeat domain 21A,retained_intron,472,2.48766368
ENST00000232519,9.68E-06,1.831715,4.46E-09,0,0.610571668,0.863478731,3.693705,1.656745,4.57579,3.308746667,1.222388541,2.438052284,2.698174999,0.103090747,C3orf14,ENSG00000114405.11,chromosome 3 open reading frame 14,protein_coding,690,2.438052284
ENST00000353609,0.761330066,22.5624,0.315221,0.3342335,7.737284833,10.48294234,5.11351,112.4005,8.066875,41.860295,49.89402758,2.435683189,34.12301017,0.480180079,FOSB,ENSG00000125740.14,"FosB proto-oncogene, AP-1 transcription factor subunit",protein_coding,3775,2.435683189
ENST00000570369,3.41E-07,0.22472,3.643135,0,1.289285,1.666949737,5.505595,8.87995,6.24493,6.876825,1.44822567,2.415171422,5.58754,0.003447816,LCAT,ENSG00000213398.8,lecithin-cholesterol acyltransferase,protein_coding,348,2.415171422
ENST00000471012,1,0.8807975,1.2441725,0.794185,0.973051667,0.194944968,6.04059,7.38791,1.6186865,5.015728833,2.464242988,2.365871038,4.042677167,0.131819278,ZC3H12A,ENSG00000163874.11,zinc finger CCCH-type containing 12A,protein_coding,395,2.365871038
ENST00000513729,0.482675917,0.823738,0.489409,1.31933,0.877492333,0.340939254,0,0.2479765,0.2786765,0.175551,0.124764412,-2.321496306,-0.701941333,0.098739431,TICAM2,ENSG00000243414.6,TIR domain containing adaptor molecule 2,protein_coding_CDS_not_defined,288,2.321496306
ENST00000537531,0.060580698,0.42641,0.298439,5.81E-06,0.241618271,0.178655309,0.9844765,0.797007,1.791263,1.1909155,0.431353717,2.301269592,0.949297229,0.153021845,TINAGL1,ENSG00000142910.16,tubulointerstitial nephritis antigen like 1,protein_coding,1841,2.301269592
ENST00000575521,0.038403952,6.771725,2.576875,3.428625,4.259075,1.810419294,11.03997,37.22715,14.51555,20.92755667,11.61256421,2.296791844,16.66848167,0.211836874,KDM6B,ENSG00000132510.11,lysine demethylase 6B,protein_coding_CDS_not_defined,219,2.296791844
ENST00000595174,0.539440861,1.282395,0.6893615,1.232755,1.0681705,0.268623933,0.1431335,0.513646,0,0.2189265,0.216435498,-2.286623445,-0.849244,0.128461231,ZNF415,ENSG00000170954.12,zinc finger protein 415,protein_coding,551,2.286623445
ENST00000547316,0.237479128,0,0.149193,0.5641455,0.2377795,0.238677903,1.060203,0.978245,1.434127,1.157525,0.198428456,2.283347108,0.9197455,0.005941993,E2F7,ENSG00000165891.16,E2F transcription factor 7,protein_coding,570,2.283347108
ENST00000471758,0.600701305,3.051045,0.55355,2.1473,1.917298333,1.032487577,0.000448265,0.2752575,0.9096885,0.395131422,0.38075081,-2.278670358,-1.522166912,0.201994884,APEX2,ENSG00000169188.5,apurinic/apyrimidinic endodeoxyribonuclease 2,protein_coding_CDS_not_defined,728,2.278670358
ENST00000215376,0.472628896,0.069489,0.6364935,0.38169525,0.36255925,0.231873767,1.411074,3.03456,0.830478,1.758704,0.932784122,2.278224002,1.39614475,0.131470097,CBARP,ENSG00000099625.14,CACN subunit beta associated regulatory protein,retained_intron,834,2.278224002
ENST00000584565,0.225824682,0,0.629595,1.3685,0.666031667,0.559281554,5.06082,1.90023,2.67797,3.213006667,1.344626457,2.270261297,2.546975,0.17997402,ZNF236,ENSG00000130856.18,zinc finger protein 236,protein_coding_CDS_not_defined,186,2.270261297
ENST00000527149,0.855683024,2.769245,2.1107855,1.08606,1.988696833,0.692559104,0,0.337659687,0.9063775,0.414679062,0.374013397,-2.261756251,-1.574017771,0.172141896,SMCO4,ENSG00000166002.7,single-pass membrane protein with coiled-coil domains 4,protein_coding,472,2.261756251
ENST00000468749,1,1.1876255,1.165622,1.656285,1.336510833,0.226292844,1.6562145,13.16355,4.395535,6.405099833,4.908051595,2.260749526,5.068589,0.287158336,DUSP5,ENSG00000138166.6,dual specificity phosphatase 5,protein_coding_CDS_not_defined,819,2.260749526
ENST00000473507,1,0.311233,0.2454337,0.176961,0.244542567,0.054819936,0.39666,2.5334,0.4219115,1.117323833,1.001370125,2.191889865,0.872781267,0.343488157,PSD,ENSG00000059915.17,pleckstrin and Sec7 domain containing,protein_coding_CDS_not_defined,980,2.191889865
ENST00000424765,1,0.377493,0.395786,0.291779,0.355019333,0.045336985,1.121391,2.600985,1.125126,1.615834,0.696608621,2.186309496,1.260814667,0.116585596,MFNG,ENSG00000100060.18,MFNG O-fucosylpeptide 3-beta-N-acetylglucosaminyltransferase,protein_coding,570,2.186309496
ENST00000520715,0.001292594,2.79768,2.29369,3.97507,3.022146667,0.704532298,0,1.241644,0.7527,0.664781333,0.510697056,-2.184621899,-2.357365333,0.071007398,MFHAS1,ENSG00000147324.11,multifunctional ROCO family signaling regulator 1,protein_coding_CDS_not_defined,444,2.184621899
ENST00000366993,0.025972075,2.59012,2.05798,1.291695,1.979931667,0.53294498,4.09E-09,0.903912287,0.4046719,0.43619473,0.369693224,-2.182406394,-1.543736936,0.100051982,INTS7,ENSG00000143493.13,integrator complex subunit 7,protein_coding,3422,2.182406394
ENST00000395907,0.582141307,0.5855675,0.3584455,1.1572815,0.7004315,0.336085349,0,0.297502,0.16649,0.154664,0.121742216,-2.179106536,-0.5457675,0.179790266,AURKA,ENSG00000087586.18,aurora kinase A,protein_coding,1902,2.179106536
ENST00000533921,0.940601125,3.562455,8.587355,3.5759,5.241903333,2.365597928,1.887625,0,1.702905,1.196843333,0.849649278,-2.130856433,-4.04506,0.216950695,IMMP1L,ENSG00000148950.11,inner mitochondrial membrane peptidase subunit 1,protein_coding_CDS_not_defined,122,2.130856433
ENST00000474942,0.041653212,2.185535,3.01156,1.5738855,2.2569935,0.58909916,0.720875,0,0.8444,0.521758333,0.372369373,-2.112948621,-1.735235167,0.123084278,WFDC3,ENSG00000124116.19,WAP four-disulfide core domain 3,protein_coding_CDS_not_defined,467,2.112948621
ENST00000459646,0.912187377,1.594601,0.95518,0,0.849927,0.655233665,6.68186,4.023775,0.308677,3.671437333,2.613742114,2.110934136,2.821510333,0.178530985,SH3BP1,ENSG00000100092.24,SH3 domain binding protein 1,retained_intron,330,2.110934136
ENST00000356542,0.224891903,0.447134,1.0449415,1.4948435,0.995639667,0.429143956,0.04316135,0.185031,0.4637315,0.230641283,0.174699812,-2.10997294,-0.764998383,0.054964871,C6orf132,ENSG00000188112.10,chromosome 6 open reading frame 132,protein_coding,894,2.10997294
ENST00000433844,1,2.665525,0,0.7461245,1.1372165,1.122785404,0.7954965,0,0,0.2651655,0.375000646,-2.100541949,-0.872051,0.249801379,SLC47A2,ENSG00000180638.19,solute carrier family 47 member 2,protein_coding,2099,2.100541949
ENST00000468134,1,0.0321907,0.51753,0.51049,0.353403567,0.227149979,3.6344585,0.595485,0.3066185,1.512187333,1.505298894,2.09724837,1.158783767,0.443850858,LRMDA,ENSG00000148655.15,leucine rich melanocyte differentiation associated,protein_coding_CDS_not_defined,208,2.09724837
ENST00000401931,1,0.9441605,4.894335,4.53711,3.458535167,1.783902538,0.4558925,35.1571,8.43672,14.6832375,14.8393101,2.085937071,11.22470233,0.362918124,CXCL8,ENSG00000169429.12,C-X-C motif chemokine ligand 8,protein_coding,700,2.085937071
ENST00000548675,0.84106738,0.1321445,0.1436795,0.2099445,0.161922833,0.034281428,0.622946,0.543019,0.891533,0.685832667,0.149067215,2.082550183,0.523909833,0.024271595,KCNH3,ENSG00000135519.8,potassium voltage-gated channel subfamily H member 3,retained_intron,666,2.082550183
ENST00000593296,0.729987786,1.357085,1.77186,0.5674575,1.232134167,0.499570401,0.382767602,0.295216362,0.195386,0.291123321,0.076552949,-2.081457038,-0.941010845,0.098428011,ZNF418,ENSG00000196724.13,zinc finger protein 418,protein_coding,543,2.081457038
ENST00000357943,0.83443755,3.205765,0.114423,2.270945,1.863711,1.294469901,0.37695,0.943202,0.00315659,0.441102863,0.386443645,-2.078991132,-1.422608137,0.337471639,CCNE1,ENSG00000105173.14,cyclin E1,protein_coding,1641,2.078991132
ENST00000460576,1,0.230804,0.0189669,0.3925815,0.214117467,0.152983218,0.5435815,0.4149475,1.745185,0.901238,0.599066819,2.073505656,0.687120533,0.175620212,KBTBD8,ENSG00000163376.11,kelch repeat and BTB domain containing 8,protein_coding,984,2.073505656
ENST00000680518,0.080594113,0.747698186,0.9403115,0,0.562669895,0.40556383,3.84899,1.0550975,2.076165,2.326750833,1.154282972,2.047956042,1.764080938,0.181682045,DDX20,ENSG00000064703.13,DEAD-box helicase 20,protein_coding,2817,2.047956042
ENST00000368710,0.488779857,0,0.8733245,1.35555,0.742958167,0.561026135,5.06402,0.55766,3.557475,3.059718333,1.873079708,2.042045965,2.316760167,0.274504347,S100A2,ENSG00000196754.13,S100 calcium binding protein A2,protein_coding,453,2.042045965
ENST00000562563,1,0.9630115,0.8395085,1.317596,1.040038667,0.202635638,0.2021155,0.2038685,0.3527775,0.2529205,0.070613189,-2.039881284,-0.787118167,0.014529331,FBXL16,ENSG00000127585.12,F-box and leucine rich repeat protein 16,protein_coding,2257,2.039881284
ENST00000428042,1,0.163767,0.0686765,0.285982501,0.172808667,0.088944883,0.4009975,0.783815,0.938781,0.7078645,0.226022318,2.034297648,0.535055833,0.070391883,CATSPERE,ENSG00000179397.18,catsper channel auxiliary subunit epsilon,protein_coding,2895,2.034297648
ENST00000475685,0.520794666,0.4868395,0.303439,0.297632,0.362636833,0.087856539,0.479957,0.996642,2.97748,1.484693,1.076429474,2.033567273,1.122056167,0.297899101,GAB3,ENSG00000160219.12,GRB2 associated binding protein 3,protein_coding_CDS_not_defined,298,2.033567273
ENST00000396904,0.461821626,0,0.2710145,0.3406235,0.203879333,0.146938627,1.487976,0.1406665,0.8694755,0.832706,0.55065096,2.030091678,0.628826667,0.312630831,RBAK-RBAKDN,ENSG00000272968.5,RBAK-RBAKDN readthrough,protein_coding,766,2.030091678
ENST00000566471,0.468230291,0.66237,2.178545,2.35627,1.732395,0.760092832,0.20654,1.034207,0.0351342,0.425293733,0.436215934,-2.026236411,-1.307101267,0.138432673,HIRIP3,ENSG00000149929.16,HIRA interacting protein 3,protein_coding_CDS_not_defined,607,2.026236411
ENST00000510048,0.912187377,0.2150055,5.39057,2.163355,2.5896435,2.134308379,0,27.1909,4.190875,10.46059167,11.95319402,2.014139045,7.870948167,0.377365075,CXCL2,ENSG00000081041.9,C-X-C motif chemokine ligand 2,retained_intron,568,2.014139045
ENST00000493243,0.610748372,0.1109815,0.0205719,0.35138,0.1609778,0.139602345,0.588436,0.1838475,1.173233,0.6485055,0.406142155,2.010257066,0.4875277,0.124404565,ADCY2,ENSG00000078295.17,adenylate cyclase 2,nonsense_mediated_decay,756,2.010257066
ENST00000533993,0.428300981,1.020812,1.0582175,0.240733,0.773254167,0.376858849,0,0.41110775,0.170579,0.193895583,0.168641914,-1.995662761,-0.579358583,0.171140115,ATP8B3,ENSG00000130270.16,ATPase phospholipid transporting 8B3,protein_coding_CDS_not_defined,882,1.995662761
ENST00000359574,1,1.45025,0.7042135,0.2488495,0.801104333,0.495231707,8.455985,0.839063,0.1600105,3.151686167,3.760936733,1.976061832,2.350581833,0.419012276,LFNG,ENSG00000106003.14,LFNG O-fucosylpeptide 3-beta-N-acetylglucosaminyltransferase,protein_coding,1377,1.976061832
ENST00000396356,0.8483813,0.098769447,3.65E-05,0.515784,0.204863319,0.223518531,1.795845,0.1723055,0.4462885,0.804813,0.709636052,1.973991918,0.599949681,0.391321327,SOX6,ENSG00000110693.19,SRY-box transcription factor 6,protein_coding,8865,1.973991918
ENST00000507727,0.846897882,2.017405,0,5.28359,2.433665,2.177006372,0.971855,0,0.88933,0.620395,0.439977318,-1.971871627,-1.81327,0.304688637,ALG14,ENSG00000172339.10,ALG14 UDP-N-acetylglucosaminyltransferase subunit,protein_coding_CDS_not_defined,159,1.971871627
ENST00000461282,6.38E-05,3.01855,2.83757,0,1.95204,1.38227676,9.195245,9.76974,3.913825,7.62627,2.635551433,1.965994993,5.67423,0.024601715,GPN2,ENSG00000142751.15,GPN-loop GTPase 2,protein_coding_CDS_not_defined,136,1.965994993
ENST00000598770,0.011621465,1.053089,0.223227,0.566155,0.614157,0.340485809,2.171295,2.922015,2.0116,2.368303333,0.396924074,1.947174463,1.754146333,0.067820092,ZNF773,ENSG00000152439.13,zinc finger protein 773,protein_coding,2019,1.947174463
ENST00000506164,0.192221949,0.51885,0,0,0.17295,0.244588236,1.111476,0.415983,0.469138,0.665532333,0.316075602,1.944153744,0.492582333,0.011095407,POC5,ENSG00000152359.15,POC5 centriolar protein,protein_coding,443,1.944153744
ENST00000627534,0.003676669,0.802165,2.52E-09,0.351043,0.384402668,0.328330952,1.2902015,1.61271,1.502,1.468303833,0.13380211,1.933460281,1.083901166,0.079953444,SLC9A6,ENSG00000198689.13,solute carrier family 9 member A6,protein_coding,648,1.933460281
ENST00000493743,1,1.5388145,0.1320725,0.758644,0.809843667,0.575440016,0.3827155,0,0.2552805,0.212665333,0.159122234,-1.929058557,-0.597178333,0.184159983,SEMA3F,ENSG00000001617.12,semaphorin 3F,retained_intron,520,1.929058557
ENST00000579788,0.159823386,0.10767,0,1.102435,0.403368333,0.496265292,0.6233205,2.571175,1.369932,1.521475833,0.802395762,1.915301685,1.1181075,0.265313492,ICAM2,ENSG00000108622.11,intercellular adhesion molecule 2,protein_coding,1135,1.915301685
ENST00000326172,1,6.360355,4.380005,1.540345,4.093568333,1.978157151,4.63428,35.0635,6.531585,15.40978833,13.91884163,1.912416162,11.31622,0.370468424,NFKBIZ,ENSG00000144802.11,NFKB inhibitor zeta,protein_coding,3923,1.912416162
ENST00000479172,0.325922499,0,0.337456,0.6187355,0.3187305,0.25294451,0.5571205,2.441885,0.5955885,1.198198,0.879559724,1.910457345,0.8794675,0.300299305,PSD,ENSG00000059915.17,pleckstrin and Sec7 domain containing,protein_coding_CDS_not_defined,599,1.910457345
ENST00000482767,1,0.470306,1.288425,0,0.586243667,0.532347569,0.472711,0,0,0.157570333,0.222838102,-1.895504496,-0.428673333,0.423728428,ZNF391,ENSG00000124613.9,zinc finger protein 391,protein_coding_CDS_not_defined,325,1.895504496
ENST00000434158,0.298654905,0.9415265,0,0.75634,0.5659555,0.407269551,1.609635,2.11222,2.57166,2.097838333,0.392876698,1.890142977,1.531882833,0.073610212,SLC12A9,ENSG00000146828.18,solute carrier family 12 member 9,protein_coding,589,1.890142977
ENST00000517659,1,0.3492785,0.22588435,0.154395501,0.243186117,0.080495794,0.251194,1.180835163,1.260076,0.897368388,0.458058062,1.883639492,0.654182271,0.226182042,RGS20,ENSG00000147509.14,regulator of G protein signaling 20,nonsense_mediated_decay,1518,1.883639492
ENST00000502857,0.77088952,0.1368395,1.1861015,0.858331,0.727090667,0.438296479,0.238573,0.3529655,0,0.1971795,0.147040193,-1.882625708,-0.529911167,0.235456918,TMEM232,ENSG00000186952.15,transmembrane protein 232,protein_coding_CDS_not_defined,437,1.882625708
ENST00000227474,1,0.93279765,0.03769565,1.1071205,0.692537933,0.46848047,2.697835,0.79328,4.098935,2.530016667,1.35473515,1.869181888,1.837478733,0.104723468,PUS3,ENSG00000110060.9,pseudouridine synthase 3,protein_coding,1829,1.869181888
ENST00000478217,1,2.71134,5.330295,5.85806,4.633231667,1.375956554,2.1963085,32.03835,16.43435,16.8896695,12.1872159,1.866050372,12.25643783,0.26110751,F3,ENSG00000117525.14,"coagulation factor III, tissue factor",protein_coding_CDS_not_defined,472,1.866050372
ENST00000403987,1,11.9882,5.796955,13.97425,10.58646833,3.482401195,37.9505,54.59715,22.92205,38.4899,12.93692916,1.862258539,27.90343167,0.136901291,LIF,ENSG00000128342.5,LIF interleukin 6 family cytokine,protein_coding,592,1.862258539
ENST00000341491,1,14.1111,6.42373,4.97848,8.504436667,4.00817433,11.322995,70.19265,11.14864,30.888095,27.79260852,1.860763316,22.38365833,0.395427669,ATF3,ENSG00000162772.17,activating transcription factor 3,protein_coding,1940,1.860763316
ENST00000683413,0.177107831,0.3110935,1.0228545,0.3066977,0.5468819,0.336568237,0.1354825,0,0.3183515,0.151278,0.1304455,-1.854027119,-0.3956039,0.339805751,APBA2,ENSG00000034053.15,amyloid beta precursor protein binding family A member 2,protein_coding,3941,1.854027119
ENST00000262460,1,0.2554357,0.120008,0.22316401,0.199535903,0.05775743,1.40061,0.357282,0.396011503,0.717967834,0.48295979,1.847270851,0.518431931,0.240441865,GINS1,ENSG00000101003.12,GINS complex subunit 1,protein_coding,3311,1.847270851
ENST00000360449,0.018900659,0.320108126,1.072458,0.847735,0.746767042,0.315334193,1.10821,3.663675,3.24138,2.671088333,1.118488498,1.838697525,1.924321291,0.077889998,CPNE8,ENSG00000139117.14,copine 8,protein_coding,1757,1.838697525
ENST00000579025,0.693491878,12.7936,9.56222,7.5472,9.967673333,2.160936918,4.460885,3.93085,0,2.797245,1.989751905,-1.833250169,-7.170428333,0.012287395,MBD2,ENSG00000134046.12,methyl-CpG binding domain protein 2,protein_coding_CDS_not_defined,241,1.833250169
ENST00000568880,0.257505076,0.544205,0.292727,0,0.278977333,0.222383393,1.655645,0.288937,1.0319355,0.9921725,0.558664187,1.830443062,0.713195167,0.185509861,HIRIP3,ENSG00000149929.16,HIRA interacting protein 3,retained_intron,738,1.830443062
ENST00000675328,1,0.4665975,2.39011,0.973975,1.276894167,0.8139595,0.1356505,0.314753,0.630545,0.360316167,0.204592511,-1.825303665,-0.916578,0.254475917,CEP41,ENSG00000106477.20,centrosomal protein 41,retained_intron,2276,1.825303665
ENST00000219255,0.722687985,0.288418,1.195865,0.829415,0.771232667,0.37274111,0.5095135,0,0.1436605,0.217724667,0.214499615,-1.824661296,-0.553508,0.313323211,PARD6A,ENSG00000102981.10,par-6 family cell polarity regulator alpha,protein_coding,1248,1.824661296
ENST00000472312,1,1.60998,1.17809,1.2256015,1.3378905,0.19337159,5.36118,6.67197,2.12827,4.720473333,1.909481814,1.818971486,3.382582833,0.127289973,ZC3H12A,ENSG00000163874.11,zinc finger CCCH-type containing 12A,retained_intron,593,1.818971486
ENST00000420223,1,1.0920885,0.87536,0.114695,0.694047833,0.41911024,0,0.305296,0.285902,0.197066,0.139571459,-1.816356208,-0.496981833,0.307907548,ZCWPW2,ENSG00000206559.8,zinc finger CW-type and PWWP domain containing 2,protein_coding,816,1.816356208
ENST00000592426,0.940601125,0.344153,0.1017895,0.123137527,0.189693342,0.109566643,0.89222,0.865252,0.246259657,0.667910552,0.29835541,1.815985864,0.47821721,0.126127281,TUBD1,ENSG00000108423.15,tubulin delta 1,protein_coding,1460,1.815985864
ENST00000356613,1,0.5936205,0.9520035,0.7064605,0.750694833,0.149615286,1.190291,5.18484,1.54816,2.641097,1.80462164,1.81483883,1.890402167,0.248461977,ARC,ENSG00000198576.4,activity regulated cytoskeleton associated protein,protein_coding,2950,1.81483883
ENST00000411764,1,0,0.000348826,0.5315525,0.177300442,0.250494073,0,0.625999,1.2429,0.622966333,0.507416332,1.812958067,0.445665892,0.185175518,APBA2,ENSG00000034053.15,amyloid beta precursor protein binding family A member 2,protein_coding,3599,1.812958067
ENST00000444300,0.695531428,1.1098195,1.49214,0.847198358,1.149719286,0.264803607,0.2718815,0,0.712545013,0.328142171,0.293602959,-1.80888874,-0.821577115,0.171033339,DET1,ENSG00000140543.15,DET1 partner of COP1 E3 ubiquitin ligase,protein_coding,2154,1.80888874
ENST00000447428,1,0.8446585,7.29438,2.64905,3.5960295,2.716898291,0.3686925,0.9231885,1.7882,1.026693667,0.584114929,-1.808399065,-2.569335833,0.309688093,SERPINB7,ENSG00000166396.13,serpin family B member 7,protein_coding,561,1.808399065
ENST00000636968,1,25.1114,23.4224,21.48595,23.33991667,1.481232494,137.5076,76.12225,30.53311,81.38765333,43.83057329,1.802010541,58.04773667,0.192222525,FASN,ENSG00000169710.9,fatty acid synthase,protein_coding,100,1.802010541
ENST00000589695,1,0.438537,2.014665,0.3369215,0.930041167,0.768066001,0.3625845,0.2796485,0.1582045,0.2668125,0.083930004,-1.801468319,-0.663228667,0.342013337,TREM1,ENSG00000124731.13,triggering receptor expressed on myeloid cells 1,retained_intron,519,1.801468319
ENST00000510362,0.887002519,2.011945,3.552455,1.60431,2.38957,0.838954792,0.7043015,0.135274,1.2171955,0.685590333,0.441890721,-1.801332357,-1.703979667,0.197832279,RETREG1,ENSG00000154153.15,reticulophagy regulator 1,nonsense_mediated_decay,1531,1.801332357
ENST00000258743,1,4.434665,3.639705,14.18475,7.419706667,4.794604525,2.336425,51.4342,23.41085,25.72715833,20.11088993,1.793858057,18.30745167,0.349176764,IL6,ENSG00000136244.12,interleukin 6,protein_coding,1127,1.793858057
ENST00000416858,0.888422768,0.1379845,1.2489195,0.592595,0.659833,0.456022554,2.846955,2.68921,1.302127921,2.279430974,0.694051782,1.788500884,1.619597974,0.109177975,SLC25A19,ENSG00000125454.12,solute carrier family 25 member 19,protein_coding,1630,1.788500884
ENST00000563068,0.725346641,0,0.3895205,0.172491,0.187337167,0.15936721,0.3841565,0.502418,1.04656,0.644378167,0.288454636,1.782270462,0.457041,0.176611259,REXO5,ENSG00000005189.20,RNA exonuclease 5,protein_coding,563,1.782270462
ENST00000651642,0.000400196,8.84E-07,2.3709,1.222525,1.197808628,0.968073285,3.707775,4.19536,4.44486,4.115998333,0.306101595,1.780844968,2.918189705,0.035446404,WRN,ENSG00000165392.11,WRN RecQ like helicase,protein_coding,627,1.780844968
ENST00000489640,0.12855533,2.11755,1.370555,2.1081,1.865401667,0.349930701,0.74239,1.39E-05,0.89722,0.54654129,0.39158843,-1.771083914,-1.318860377,0.001672654,ASAH2,ENSG00000188611.17,N-acylsphingosine amidohydrolase 2,protein_coding,539,1.771083914
ENST00000678812,0.860457529,0.94805,0.0841837,0.2757655,0.435999733,0.370425434,1.405055,1.50787,1.5267285,1.4798845,0.053469626,1.763085425,1.043884767,0.072562712,KCP,ENSG00000135253.16,kielin cysteine rich BMP regulator,retained_intron,1709,1.763085425
ENST00000467822,1,3.65812,0.88615,2.491245,2.345171667,1.136356014,0.7461473,0.2871575,1.0395355,0.690946767,0.309627182,-1.763047063,-1.6542249,0.133974494,PACC1,ENSG00000065600.13,proton activated chloride channel 1,protein_coding_CDS_not_defined,742,1.763047063
ENST00000519376,0.901005721,3.733295,1.76366,3.192345,2.896433333,0.830878368,0.722774,0.7351785,1.10771,0.855220833,0.178608608,-1.759908556,-2.0412125,0.070468955,FBXO25,ENSG00000147364.17,F-box protein 25,protein_coding_CDS_not_defined,418,1.759908556
ENST00000600121,0.523195807,1.17651,1.87421,1.915704,1.655474667,0.339102543,6.943765,1.372475,8.47753,5.597923333,3.052749469,1.757646795,3.942448667,0.21963847,CD37,ENSG00000104894.12,CD37 molecule,protein_coding_CDS_not_defined,319,1.757646795
ENST00000548681,0.090551225,1.678665,1.17426,0.799128,1.217351,0.360359968,3.458005,5.092315,3.78611,4.112143333,0.70591104,1.75614535,2.894792333,0.042824032,METTL1,ENSG00000037897.17,"methyltransferase 1, tRNA methylguanosine",protein_coding_CDS_not_defined,611,1.75614535
ENST00000581404,1,0.2740805,0.47291,0.0140469,0.253679133,0.187884713,0.52198,1.33694,0.7040155,0.854311833,0.349267511,1.751757912,0.6006327,0.081927104,ARC,ENSG00000198576.4,activity regulated cytoskeleton associated protein,protein_coding_CDS_not_defined,407,1.751757912
ENST00000581320,0.97531083,0.538136,0.3972805,0.5394345,0.491617,0.066708085,1.467975,3.12342,0.37252635,1.65464045,1.130777597,1.750911047,1.16302345,0.301807217,SLC25A35,ENSG00000125434.11,solute carrier family 25 member 35,protein_coding_CDS_not_defined,354,1.750911047
ENST00000582980,1,4.25016,0.0669659,1.608395,1.975173633,1.727362757,1.185551,0.303159,0.2751895,0.5879665,0.422710302,-1.74817362,-1.387207133,0.282853717,CDH8,ENSG00000150394.14,cadherin 8,protein_coding_CDS_not_defined,376,1.74817362
ENST00000585124,1,1.7675455,0.617666,0.04628695,0.810499483,0.715807848,0.3748545,0.33289755,0.01787755,0.241876533,0.159314688,-1.744540459,-0.56862295,0.307293303,AURKB,ENSG00000178999.13,aurora kinase B,protein_coding,1243,1.744540459
ENST00000531493,1,12.9044,9.287475,19.7106,13.96749167,4.321111478,19.20635,89.45785,31.4742,46.7128,30.63744452,1.741744964,32.74530833,0.30215236,FOSL1,ENSG00000175592.9,"FOS like 1, AP-1 transcription factor subunit",protein_coding,1200,1.741744964
ENST00000453412,0.74690978,0.483845,0.589193,0.280002,0.451013333,0.128343828,0.688431,2.8114,1.0176715,1.505834167,0.932908154,1.739320909,1.054820833,0.222672534,RBKS,ENSG00000171174.15,ribokinase,nonsense_mediated_decay,630,1.739320909
ENST00000555548,1,0.370409,0,0.473761,0.28139,0.203397244,2.166125,0.1835565,0.46773875,0.939140083,0.87533189,1.738769309,0.657750083,0.368862006,PAX3,ENSG00000135903.20,paired box 3,retained_intron,458,1.738769309
ENST00000637525,0.830011868,47.5178,18.28445,33.26665,33.02296667,11.93570901,168.5818,109.368,52.48965,110.1464833,47.39761844,1.737881797,77.12351667,0.125293357,FASN,ENSG00000169710.9,fatty acid synthase,protein_coding_CDS_not_defined,141,1.737881797
ENST00000252100,1,0.390985,1.570615,0.60256,0.85472,0.513530417,0.2888785,0.274117267,0.206135,0.256376922,0.036033887,-1.737185478,-0.598343078,0.237740324,TMCO6,ENSG00000113119.13,transmembrane and coiled-coil domains 6,protein_coding,1834,1.737185478
ENST00000458705,1,0.6222065,0.79231283,0.443133,0.619217443,0.142567737,2.295448755,1.718155,2.17391,2.062504585,0.248496002,1.735879309,1.443287142,0.030784114,ZNF33A,ENSG00000189180.16,zinc finger protein 33A,protein_coding,6084,1.735879309
ENST00000699850,1,0.2007905,0.058774426,0.5055095,0.255024809,0.186367159,1.2278,0.905319,0.404528,0.845882333,0.338716927,1.729819392,0.590857525,0.233273793,CTC1,ENSG00000178971.17,CST telomere replication complex component 1,retained_intron,4876,1.729819392
ENST00000528797,1,0,0,0.685391,0.228463667,0.323096416,1.61955,0,0.645799,0.755116333,0.665681736,1.724734176,0.526652667,0.436932032,YPEL4,ENSG00000166793.13,yippee like 4,retained_intron,1912,1.724734176
ENST00000618534,0.381391333,0.7463385,1.0626435,0.367374505,0.725452168,0.284226345,6.65E-06,0.658741,2.83E-08,0.219582561,0.31053191,-1.724117014,-0.505869607,0.052481719,NEK3,ENSG00000136098.17,NIMA related kinase 3,protein_coding,2414,1.724117014
ENST00000553420,1,1.41328,2.00186,0,1.13838,0.840054908,0.64375,0,0.3905375,0.3447625,0.264795555,-1.723307455,-0.7936175,0.369438753,HAUS4,ENSG00000092036.19,HAUS augmin like complex subunit 4,protein_coding,473,1.723307455
ENST00000630288,1,0.832533,0.3459255,0.4221375,0.533532,0.2137027,2.727555,1.66713,0.873655011,1.756113337,0.759462449,1.718739249,1.222581337,0.100374731,TAMM41,ENSG00000144559.11,TAM41 mitochondrial translocator assembly and maintenance homolog,protein_coding,607,1.718739249
ENST00000249075,1,42.7063,16.18965,36.3038,31.73325,11.29751086,94.0764,152.364,64.4209,103.6204333,36.53138959,1.707241333,71.88718333,0.160021276,LIF,ENSG00000128342.5,LIF interleukin 6 family cytokine,protein_coding,3871,1.707241333
ENST00000371356,0.990087076,0.317525095,0.3562135,0.4708145,0.381517698,0.065087824,2.881095,0.797046,0.02715272,1.235097907,1.205588028,1.69480352,0.853580208,0.439720279,AURKA,ENSG00000087586.18,aurora kinase A,protein_coding,2112,1.69480352
ENST00000591679,0.280027368,0,1.17E-08,0.723727,0.241242337,0.341168177,1.000672,0.524905,0.8115535,0.7790435,0.195586698,1.69122077,0.537801163,0.178133561,ZNF285,ENSG00000267508.6,zinc finger protein 285,protein_coding,2388,1.69122077
ENST00000498195,0.550473539,0.1174085,0.4595375,0.2601675,0.279037833,0.140309492,1.64904,0.51276,0.53378,0.898526667,0.530762444,1.687100578,0.619488833,0.310769638,FBXO24,ENSG00000106336.13,F-box protein 24,protein_coding_CDS_not_defined,543,1.687100578
ENST00000517875,0.938178948,0.0874535,0.5460575,0,0.211170333,0.239477333,0.41169,1.25652,0.3703665,0.6795255,0.408345358,1.686120522,0.468355167,0.061446802,LRRCC1,ENSG00000133739.16,leucine rich repeat and coiled-coil centrosomal protein 1,nonsense_mediated_decay,2385,1.686120522
ENST00000514404,1,0,0.185622,0.65025,0.278624,0.273487714,1.93534,0.568805,0.183299,0.895814667,0.751715109,1.684880753,0.617190667,0.472724942,SHLD3,ENSG00000253251.3,shieldin complex subunit 3,protein_coding,332,1.684880753
ENST00000577567,0.468230291,0.574441,0.71438,0.0696215,0.452814167,0.276915385,1.64091,1.691075,1.015782,1.449255667,0.307195591,1.678321127,0.9964415,0.001310407,ERN1,ENSG00000178607.17,endoplasmic reticulum to nucleus signaling 1,protein_coding_CDS_not_defined,398,1.678321127
ENST00000482341,0.362324259,1.146773,1.1223815,1.89301,1.387388167,0.357667271,0.751498,0,0.551028,0.434175333,0.317729676,-1.676021815,-0.953212833,0.079482931,MLANA,ENSG00000120215.10,melan-A,protein_coding_CDS_not_defined,448,1.676021815
ENST00000619836,1,0.459933,0.2704,0.056527,0.262286667,0.164789704,1.3010245,1.21237,3.79E-06,0.83779943,0.593515547,1.675460432,0.575512763,0.211438219,PDIK1L,ENSG00000175087.10,PDLIM1 interacting kinase 1 like,protein_coding,4252,1.675460432
ENST00000532832,0.004769273,2.753095,2.79322,0.695675,2.080663333,0.979471632,4.166495,9.11231,6.592405,6.623736667,2.019242062,1.670601773,4.543073333,0.101511282,BIRC2,ENSG00000110330.10,baculoviral IAP repeat containing 2,protein_coding,505,1.670601773
ENST00000493953,0.472628896,0,0.2839085,0.646551,0.310153167,0.264604908,0.4659845,1.549048,0.9453675,0.9868,0.443128368,1.669776861,0.676646833,0.151315826,ST3GAL6,ENSG00000064225.13,"ST3 beta-galactoside alpha-2,3-sialyltransferase 6",protein_coding_CDS_not_defined,697,1.669776861
ENST00000543278,0.943210712,0,0.4513035,0.7249625,0.392088667,0.298911864,2.390365,0.69458,0.656008,1.246984333,0.80864556,1.669191493,0.854895667,0.383982387,FBXL14,ENSG00000171823.7,F-box and leucine rich repeat protein 14,protein_coding_CDS_not_defined,300,1.669191493
ENST00000514744,0.761330066,0.349204,0.182295,0.01354945,0.181682817,0.13703108,0.9562025,0.3472835,0.42611,0.576532,0.270389436,1.665978708,0.394849183,0.090857889,LPAR4,ENSG00000147145.14,lysophosphatidic acid receptor 4,protein_coding,672,1.665978708
ENST00000540031,0.090719319,0.677572,0.490725,1.745135,0.971144,0.552584534,3.11368,3.832265,2.28648,3.077475,0.631583153,1.663989999,2.106331,0.125231915,ZNF84,ENSG00000198040.11,zinc finger protein 84,protein_coding,960,1.663989999
ENST00000556681,0.809539046,1.76073,1.213289892,0,0.991339964,0.735748535,3.15021,4.863615,1.40503,3.139618333,1.411981277,1.663137393,2.14827837,0.103576745,DICER1,ENSG00000100697.17,"dicer 1, ribonuclease III",retained_intron,310,1.663137393
ENST00000591229,0.92912478,0.944816,1.8374505,0.2180015,1.000089333,0.662291538,0.1961315,0.1988605,0.55291,0.315967333,0.167547471,-1.662281559,-0.684122,0.353341159,SYCE2,ENSG00000161860.8,synaptonemal complex central element protein 2,protein_coding_CDS_not_defined,331,1.662281559
ENST00000470615,1,0.4846115,0.519152,0.5910295,0.531597667,0.044327333,3.449115,0,1.583438,1.677517667,1.409665873,1.657921283,1.14592,0.373688718,C10orf71,ENSG00000177354.12,chromosome 10 open reading frame 71,protein_coding_CDS_not_defined,284,1.657921283
ENST00000254846,1,5.46246,2.027165,0.742249,2.743958,1.992559848,5.97791,15.7424,4.126625,8.615645,5.095736235,1.650700407,5.871687,0.280557569,KDM6B,ENSG00000132510.11,lysine demethylase 6B,protein_coding,6713,1.650700407
ENST00000685240,1,29.64185,0,5.51693,11.71959333,12.87153428,100.61755,4.843455,4.735235,36.73208,45.17387066,1.648118083,25.01248667,0.391062493,ELN,ENSG00000049540.19,elastin,protein_coding,99,1.648118083
ENST00000454668,1,0.427018,0.379976,0,0.268998,0.19117737,1.2323535,0.358694597,0.9366955,0.842581199,0.362825115,1.647220278,0.573583199,0.195880664,RASSF7,ENSG00000099849.15,Ras association domain family member 7,protein_coding,1450,1.647220278
ENST00000369583,1,10.6322,11.8934,12.31215,11.61258333,0.714003502,11.32964,76.0372,21.68855,36.35179667,28.37869133,1.646337721,24.73921333,0.339039385,DUSP5,ENSG00000138166.6,dual specificity phosphatase 5,protein_coding,2477,1.646337721
ENST00000373087,1,7.621365,3.698555,2.98384,4.76792,2.038678601,16.38405,22.2012,6.1634,14.91621667,6.629160743,1.645449724,10.14829667,0.15159618,ZC3H12A,ENSG00000163874.11,zinc finger CCCH-type containing 12A,protein_coding,2654,1.645449724
ENST00000312562,1,24.27555,21.39395,39.32995,28.33315,7.864397087,29.0107,175.9385,60.38405,88.44441667,63.17954699,1.642280066,60.11126667,0.332779213,FOSL1,ENSG00000175592.9,"FOS like 1, AP-1 transcription factor subunit",protein_coding,1702,1.642280066
ENST00000613075,1,0.106644,1.434115,0.8669785,0.802579167,0.54384757,0.195688,0.1900055,0.386339,0.257344167,0.091242618,-1.640944626,-0.545235,0.293499843,NUDT7,ENSG00000140876.11,nudix hydrolase 7,protein_coding,1073,1.640944626
ENST00000495089,1,2.35615,1.92619,1.695455,1.992598333,0.273784612,4.25836,11.26675,3.11077,6.21196,3.604850174,1.640397618,4.219361667,0.24164018,NFKBIZ,ENSG00000144802.11,NFKB inhibitor zeta,retained_intron,877,1.640397618
ENST00000637259,0.994819076,0.1022677,0.206264,0.446198,0.251576567,0.144018365,0.9996625,0.7434375,0.6063115,0.783137167,0.16302004,1.638267471,0.5315606,0.129839048,FAM169BP,ENSG00000283597.3,protein FAM169B,processed_transcript,801,1.638267471
ENST00000572468,0.408799307,0.5051505,0.734523,0.666648,0.6354405,0.096205915,0.3361295,0.1221585,0.1542175,0.2041685,0.094223932,-1.637996745,-0.431272,0.08477468,ZNF232,ENSG00000167840.14,zinc finger protein 232,retained_intron,724,1.637996745
ENST00000303434,0.001215866,4.158895,4.59616,4.66878,4.474611667,0.225205353,1.800985,1.18769695,1.329385,1.43935565,0.262171338,-1.636339371,-3.035256017,0.012263835,TRABD,ENSG00000170638.10,TraB domain containing,protein_coding,2329,1.636339371
ENST00000489814,0.145823167,0.55453,0.066527615,0.9473065,0.522788038,0.360276306,0.888593,2.41691,1.561385,1.622296,0.625417634,1.633739037,1.099507962,0.223370572,TMCO4,ENSG00000162542.14,transmembrane and coiled-coil domains 4,protein_coding_CDS_not_defined,1722,1.633739037
ENST00000592192,1,0.4243715,0.5270765,0.147524,0.366324,0.160295892,1.2240095,1.428235,0.750545,1.134263167,0.283850591,1.630563278,0.767939167,0.012738606,DNAH17,ENSG00000187775.17,dynein axonemal heavy chain 17,protein_coding_CDS_not_defined,412,1.630563278
ENST00000274170,1,0.003210455,3.06663,0.43955,1.169796818,1.353041054,0,1.0999675,0.03474215,0.37823655,0.510537904,-1.628897284,-0.791560268,0.31718401,CDH18,ENSG00000145526.12,cadherin 18,protein_coding,2809,1.628897284
