From	To
O75822	O75822
Q9UID3	Q9UID3
Q9NR33	Q9NR33
Q13523	Q13523
Q12933	Q12933
Q9NS69	Q9NS69
O75427	O75427
Q96GM8	Q96GM8
Q15042	Q15042
Q9HAP2	Q9HAP2
Q8IY67	Q8IY67
P30566	P30566
Q9H7E9	Q9H7E9
A6NFI3	A6NFI3
Q9H0S4	Q9H0S4
Q04446	Q04446
Q13263	Q13263
Q7L4I2	Q7L4I2
P55210	P55210
Q96EB6	Q96EB6
Q03135	Q03135
P52907	P52907
O60504	O60504
Q99733	Q99733
P55209	P55209
P47755	P47755
Q8IV50	Q8IV50
Q702N8	Q702N8
Q9Y5S9	Q9Y5S9
Q9NYM9	Q9NYM9
Q9UK97	Q9UK97
Q86VR2	Q86VR2
P54274	P54274
Q8IZM8	Q8IZM8
Q13838	Q13838
P52565	P52565
O15541	O15541
O60869	O60869
P49736	P49736
Q7L099	Q7L099
O95295	O95295
Q96SW2	Q96SW2
Q8NC56	Q8NC56
P50579	P50579
Q16643	Q16643
Q6ZN30	Q6ZN30
Q9P289	Q9P289
Q9Y6E0	Q9Y6E0
P36021	P36021
Q9H4Z3	Q9H4Z3
O14579	O14579
P78347	P78347
Q63ZY3	Q63ZY3
Q9NVC3	Q9NVC3
Q9BWQ6	Q9BWQ6
Q9BQJ4	Q9BQJ4
Q6P2E9	Q6P2E9
P50851	P50851
Q5JSH3	Q5JSH3
Q9H4A4	Q9H4A4
P23528	P23528
P60981	P60981
Q9Y281	Q9Y281
Q8TDB6	Q8TDB6
Q9P253	Q9P253
O60762	O60762
Q99594	Q99594
O15131	O15131
P35568	P35568
Q13601	Q13601
P49356	P49356
Q13557	Q13557
Q9P0P0	Q9P0P0
Q15020	Q15020
O60293	O60293
Q9NVH1	Q9NVH1
Q9C0J8	Q9C0J8
Q9NVD7	Q9NVD7
P06730	P06730
P46821	P46821
Q9NVA2	Q9NVA2
Q9Y277	Q9Y277
Q9P1Y6	Q9P1Y6
P51636	P51636
Q9NZT2	Q9NZT2
Q9HC35	Q9HC35
Q06330	Q06330
Q9H0C8	Q9H0C8
O00161	O00161
P50402	P50402
Q9BSE4	Q9BSE4
O43399	O43399
Q8WTS6	Q8WTS6
O60662	O60662
Q15029	Q15029
O14979	O14979
P06748	P06748
Q8N720	Q8N720
Q96HH4	Q96HH4
O60285	O60285
Q9P0U4	Q9P0U4
Q9BZF1	Q9BZF1
Q8N697	Q8N697
Q9H3H3	Q9H3H3
Q13698	Q13698
P28347	P28347
Q70E73	Q70E73
Q16878	Q16878
Q86VQ6	Q86VQ6
O43760	O43760
O60684	O60684
Q9NWV8	Q9NWV8
Q14934	Q14934
Q9BXP5	Q9BXP5
Q14872	Q14872
P62273	P62273
Q6AW86	Q6AW86
Q70Z53	Q70Z53
Q5BJH7	Q5BJH7
P84103	P84103
O95379	O95379
Q15772	Q15772
P35613	P35613
A0AV02	A0AV02
Q9HAS0	Q9HAS0
Q9UPE1	Q9UPE1
Q96ET8	Q96ET8
Q9UG56	Q9UG56
Q14315	Q14315
O95772	O95772
P17980	P17980
Q9HCD5	Q9HCD5
O94875	O94875
P60468	P60468
Q9ULS5	Q9ULS5
Q9UKY7	Q9UKY7
Q96AY3	Q96AY3
Q9H7L9	Q9H7L9
Q86WX3	Q86WX3
O60664	O60664
P35659	P35659
P06454	P06454
Q96FQ6	Q96FQ6
Q8IWE2	Q8IWE2
P45378	P45378
Q8NDC0	Q8NDC0
Q99536	Q99536
P26368	P26368
P45379	P45379
P62328	P62328
P61244	P61244
Q13177	Q13177
P08047	P08047
P63165	P63165
P62995	P62995
Q9UMY4	Q9UMY4
Q9UNF1	Q9UNF1
Q13595	Q13595
P16989	P16989
O95747	O95747
Q9UHY1	Q9UHY1
Q0VAK6	Q0VAK6
Q9UBL0	Q9UBL0
Q9H0W8	Q9H0W8
P16403	P16403
P10412	P10412
P16401	P16401
P16402	P16402
P05976	P05976
P20042	P20042
P11387	P11387
Q15149	Q15149
Q9UQ80	Q9UQ80
P49840	P49840
Q14240	Q14240
Q13541	Q13541
P98175	P98175
P63218	P63218
Q9Y3A5	Q9Y3A5
P13489	P13489
Q3YBR2	Q3YBR2
P62316	P62316
Q9HB90	Q9HB90
O00560	O00560
O43752	O43752
Q969X1	Q969X1
P17661	P17661
Q16851	Q16851
Q16539	Q16539
P68402	P68402
B4DJY2	B4DJY2
Q9UEY8	Q9UEY8
P11055	P11055
P84022	P84022
Q15796	Q15796
P62820	P62820
P33991	P33991
P00352	P00352
P22314	P22314
Q00839	Q00839
Q00341	Q00341
Q9Y241	Q9Y241
P20340	P20340
Q15836	Q15836
P49023	P49023
P07355	P07355
Q92522	Q92522
Q9NWU2	Q9NWU2
Q86Y82	Q86Y82
Q9Y262	Q9Y262
O15400	O15400
Q15311	Q15311
Q9BSE2	Q9BSE2
Q9Y534	Q9Y534
Q9Y2J2	Q9Y2J2
P52294	P52294
Q16543	Q16543
Q9UK76	Q9UK76
Q8WUA7	Q8WUA7
Q8IVF2	Q8IVF2
P19338	P19338
P17544	P17544
P49006	P49006
P49585	P49585
P67809	P67809
P24385	P24385
Q1KMD3	Q1KMD3
Q9UPS8	Q9UPS8
O76021	O76021
Q96N21	Q96N21
P62258	P62258
Q86UP2	Q86UP2
Q15124	Q15124
Q13207	Q13207
Q13459	Q13459
O75533	O75533
Q12929	Q12929
Q7L014	Q7L014
Q96MW1	Q96MW1
Q04637	Q04637
Q96TA1	Q96TA1
Q5T4S7	Q5T4S7
O75694	O75694
Q96N67	Q96N67
Q12816	Q12816
Q3YEC7	Q3YEC7
O75367	O75367
Q92614	Q92614
Q8WZ42	Q8WZ42
P85037	P85037
P09525	P09525
Q03001	Q03001
A6NKL6	A6NKL6
Q8IYB3	Q8IYB3
Q15032	Q15032
Q14126	Q14126
Q6WCQ1	Q6WCQ1
Q8N9M1	Q8N9M1
Q0D2I5	Q0D2I5
Q96ST2	Q96ST2
Q9H792	Q9H792
Q9H8Y8	Q9H8Y8
Q9C0D5	Q9C0D5
P49327	P49327
P50502	P50502
Q8N8A6	Q8N8A6
Q8WUY3	Q8WUY3
Q09666	Q09666
P17010	P17010
Q13427	Q13427
Q7Z4V5	Q7Z4V5
Q7Z6B7	Q7Z6B7
Q8TDM6	Q8TDM6
Q96S94	Q96S94
Q02952	Q02952
O14686	O14686
P52948	P52948
P49815	P49815
Q8IVT5	Q8IVT5
Q9Y6R0	Q9Y6R0
O43633	O43633
Q9NUP1	Q9NUP1
Q9GZR7	Q9GZR7
P46783	P46783
Q53F19	Q53F19
Q07157	Q07157
Q04721	Q04721
P29966	P29966
O14617	O14617
Q9H0D6	Q9H0D6
P27824	P27824
Q9UK58	Q9UK58
P51531	P51531
Q9H4I2	Q9H4I2
Q9NU22	Q9NU22
Q15459	Q15459
Q99547	Q99547
Q9Y2W1	Q9Y2W1
Q9NWQ8	Q9NWQ8
P80723	P80723
Q9BY11	Q9BY11
Q0ZGT2	Q0ZGT2
Q13023	Q13023
Q9P0K7	Q9P0K7
P78559	P78559
Q8IXS6	Q8IXS6
P51532	P51532
P48634	P48634
Q86UE8	Q86UE8
Q9BZ29	Q9BZ29
Q8NE71	Q8NE71
O75128	O75128
Q9NQC3	Q9NQC3
Q9Y343	Q9Y343
O75691	O75691
P34932	P34932
Q5T8D3	Q5T8D3
Q9NUA8	Q9NUA8
Q8NDI1	Q8NDI1
O60841	O60841
P51608	P51608
Q9H6B4	Q9H6B4
Q9P2K5	Q9P2K5
Q9BVS4	Q9BVS4
Q5VWP3	Q5VWP3
P21333	P21333
Q9Y520	Q9Y520
Q9UPN3	Q9UPN3
Q6PD74	Q6PD74
Q13367	Q13367
Q86VM9	Q86VM9
Q9Y320	Q9Y320
Q9H3Q1	Q9H3Q1
Q93009	Q93009
O95208	O95208
O94885	O94885
O60832	O60832
Q14692	Q14692
Q9UQ35	Q9UQ35
Q12770	Q12770
Q15223	Q15223
Q53GL7	Q53GL7
P50993	P50993
Q9H4L4	Q9H4L4
Q2M2I8	Q2M2I8
Q9P2M4	Q9P2M4
Q6F5E8	Q6F5E8
Q8N2Y8	Q8N2Y8
Q9HCH0	Q9HCH0
Q8TEJ3	Q8TEJ3
Q9UK96	Q9UK96
Q6PJG2	Q6PJG2
O75113	O75113
P51116	P51116
Q8IZD4	Q8IZD4
P61966	P61966
Q86V48	Q86V48
P36871	P36871
Q4ADV7	Q4ADV7
O00401	O00401
Q9BXI6	Q9BXI6
Q9H6S1	Q9H6S1
P51114	P51114
P06753	P06753
P09493	P09493
Q9Y4I1	Q9Y4I1
Q32P44	Q32P44
Q8N6H7	Q8N6H7
Q92667	Q92667
Q6KC79	Q6KC79
P53396	P53396
Q9GZT9	Q9GZT9
Q92576	Q92576
Q9Y618	Q9Y618
P07197	P07197
Q9NSY0	Q9NSY0
Q9H501	Q9H501
O60336	O60336
Q8IY81	Q8IY81
Q32MZ4	Q32MZ4
P13798	P13798
O00461	O00461
P35579	P35579
Q9Y617	Q9Y617
Q9BXY0	Q9BXY0
P00558	P00558
Q2LD37	Q2LD37
Q13769	Q13769
Q9BQG0	Q9BQG0
O94876	O94876
P11831	P11831
Q9P2N2	Q9P2N2
Q8IWR0	Q8IWR0
Q8N554	Q8N554
P49589	P49589
O75151	O75151
Q9Y250	Q9Y250
Q9Y3M8	Q9Y3M8
Q96L91	Q96L91
P11717	P11717
Q6R327	Q6R327
Q07021	Q07021
Q5VTR2	Q5VTR2
Q15276	Q15276
Q6JBY9	Q6JBY9
Q12955	Q12955
Q9BQI0	Q9BQI0
Q9Y2H5	Q9Y2H5
Q86TI0	Q86TI0
P61006	P61006
P25445	P25445
O75396	O75396
Q96HC4	Q96HC4
Q8WVC0	Q8WVC0
Q92530	Q92530
Q6AI08	Q6AI08
Q8N3V7	Q8N3V7
Q9ULD9	Q9ULD9
E9PAV3	E9PAV3
Q8NEY1	Q8NEY1
Q9H3Z4	Q9H3Z4
Q96B97	Q96B97
Q9H7D0	Q9H7D0
Q8TBF4	Q8TBF4
Q969G5	Q969G5
Q9NQX5	Q9NQX5
Q06265	Q06265
P20290	P20290
P41252	P41252
P00966	P00966
Q96L96	Q96L96
Q9Y4B5	Q9Y4B5
A8CG34	A8CG34
Q66K14	Q66K14
Q9Y676	Q9Y676
Q8TE77	Q8TE77
O15014	O15014
Q9UJ41	Q9UJ41
Q12893	Q12893
Q5T5Y3	Q5T5Y3
Q9UJZ1	Q9UJZ1
Q14980	Q14980
Q13200	Q13200
Q96JH7	Q96JH7
Q9Y4H2	Q9Y4H2
P43686	P43686
Q6P996	Q6P996
O75376	O75376
O15075	O15075
Q5T5U3	Q5T5U3
Q9Y4J8	Q9Y4J8
Q9Y4W2	Q9Y4W2
Q02818	Q02818
Q15811	Q15811
Q14678	Q14678
Q96RK0	Q96RK0
Q9H8Y5	Q9H8Y5
Q14152	Q14152
Q9HBR0	Q9HBR0
Q05655	Q05655
Q96QD9	Q96QD9
Q13247	Q13247
Q9UBI6	Q9UBI6
Q711Q0	Q711Q0
Q14247	Q14247
Q63ZY6	Q63ZY6
O75364	O75364
Q4V9L6	Q4V9L6
Q99592	Q99592
Q9C0E8	Q9C0E8
Q68DQ2	Q68DQ2
Q68CZ2	Q68CZ2
Q96FT9	Q96FT9
Q9NRA8	Q9NRA8
Q14155	Q14155
Q96QE2	Q96QE2
Q6P1N0	Q6P1N0
Q5QJE6	Q5QJE6
Q8NDT2	Q8NDT2
Q8NBV4	Q8NBV4
Q02880	Q02880
O75167	O75167
Q12778	Q12778
Q92783	Q92783
Q14677	Q14677
Q8IU81	Q8IU81
Q9H1B7	Q9H1B7
Q8TB72	Q8TB72
O00273	O00273
Q8IVB4	Q8IVB4
Q8N5I9	Q8N5I9
O43426	O43426
Q96PE3	Q96PE3
Q86YS7	Q86YS7
Q96CP2	Q96CP2
O94804	O94804
A1X283	A1X283
Q9H2I8	Q9H2I8
O15143	O15143
Q9H019	Q9H019
Q9Y2K5	Q9Y2K5
O43182	O43182
O75147	O75147
Q9Y490	Q9Y490
O75122	O75122
P57103	P57103
P51956	P51956
Q9NPI6	Q9NPI6
Q66PJ3	Q66PJ3
Q8NFH5	Q8NFH5
Q8N1G2	Q8N1G2
Q5SW79	Q5SW79
O43795	O43795
Q9UJV3	Q9UJV3
O15344	O15344
Q8TDY2	Q8TDY2
O75410	O75410
P20929	P20929
Q14966	Q14966
Q8N1G0	Q8N1G0
Q9BRD0	Q9BRD0
P01008	P01008
Q9UH99	Q9UH99
Q96GA3	Q96GA3
P11137	P11137
Q8IY33	Q8IY33
Q8N3X1	Q8N3X1
Q02641	Q02641
Q9UQN3	Q9UQN3
Q9H0E9	Q9H0E9
Q5VZP5	Q5VZP5
Q9P0V9	Q9P0V9
O95810	O95810
Q9ULU4	Q9ULU4
Q14258	Q14258
P46100	P46100
Q9H1E3	Q9H1E3
Q13586	Q13586
Q6PCE3	Q6PCE3
Q96PD2	Q96PD2
Q9UHB7	Q9UHB7
Q96JG9	Q96JG9
P22059	P22059
Q9Y2K6	Q9Y2K6
Q66K74	Q66K74
Q96JM3	Q96JM3
Q8TB61	Q8TB61
Q8IWZ8	Q8IWZ8
Q13153	Q13153
P32418	P32418
Q6P4R8	Q6P4R8
Q8NEF9	Q8NEF9
P68363	P68363
P51812	P51812
Q5TGY3	Q5TGY3
Q9UPU9	Q9UPU9
P21127	P21127
Q9UQ88	Q9UQ88
Q12888	Q12888
Q9Y478	Q9Y478
P27816	P27816
O75970	O75970
P53621	P53621
Q0JRZ9	Q0JRZ9
Q9UPP1	Q9UPP1
Q96PY5	Q96PY5
Q04727	Q04727
Q04726	Q04726
Q96T23	Q96T23
P04049	P04049
O00571	O00571
Q9Y678	Q9Y678
Q9NUE0	Q9NUE0
Q9Y2K1	Q9Y2K1
Q9Y485	Q9Y485
Q8IVL0	Q8IVL0
P49792	P49792
P24534	P24534
Q15649	Q15649
Q8IX12	Q8IX12
Q9HCK8	Q9HCK8
O94874	O94874
P37275	P37275
Q8TAD8	Q8TAD8
P08238	P08238
Q7Z6E9	Q7Z6E9
O14647	O14647
Q9UGP8	Q9UGP8
Q3L8U1	Q3L8U1
P49407	P49407
Q5THJ4	Q5THJ4
O00566	O00566
Q8WUB8	Q8WUB8
P51397	P51397
Q8N3L3	Q8N3L3
Q9ULX3	Q9ULX3
P23327	P23327
Q13426	Q13426
Q9H1E5	Q9H1E5
P0DP91	P0DP91
Q8NFD5	Q8NFD5
Q9H6T3	Q9H6T3
Q01831	Q01831
Q8NEN9	Q8NEN9
O15042	O15042
P78362	P78362
O95365	O95365
Q9NVU7	Q9NVU7
Q5F1R6	Q5F1R6
Q92794	Q92794
Q9UQL6	Q9UQL6
Q9UPQ9	Q9UPQ9
Q96JG6	Q96JG6
Q15154	Q15154
P48307	P48307
Q9P2D1	Q9P2D1
P23396	P23396
Q96ST8	Q96ST8
O60271	O60271
Q8NC51	Q8NC51
P07196	P07196
P17535	P17535
Q68E01	Q68E01
Q6VMQ6	Q6VMQ6
P13591	P13591
P09619	P09619
Q9UKE5	Q9UKE5
P32004	P32004
Q15746	Q15746
Q92545	Q92545
Q96KC8	Q96KC8
O43237	O43237
O15372	O15372
Q13131	Q13131
P52655	P52655
Q6NUK4	Q6NUK4
Q8NEB9	Q8NEB9
Q9UER7	Q9UER7
P30041	P30041
P25205	P25205
Q8WYP3	Q8WYP3
Q9Y282	Q9Y282
Q9BR39	Q9BR39
Q71RC2	Q71RC2
Q96QB1	Q96QB1
Q9NWH9	Q9NWH9
Q9ULT0	Q9ULT0
Q12789	Q12789
Q99569	Q99569
Q9Y3B9	Q9Y3B9
O43294	O43294
A0JNW5	A0JNW5
Q9NYI0	Q9NYI0
Q9BSF8	Q9BSF8
Q641Q2	Q641Q2
Q9UIG0	Q9UIG0
Q7KZ85	Q7KZ85
P25490	P25490
Q4LE39	Q4LE39
Q15121	Q15121
Q96EV2	Q96EV2
P31641	P31641
P00519	P00519
Q9HA82	Q9HA82
Q96GX9	Q96GX9
Q7L2J0	Q7L2J0
O43432	O43432
Q76I76	Q76I76
Q7L1V2	Q7L1V2
Q8N488	Q8N488
Q14568	Q14568
Q9BXF6	Q9BXF6
Q14498	Q14498
Q9H4M7	Q9H4M7
O15119	O15119
Q9NYL9	Q9NYL9
O43719	O43719
P29375	P29375
Q8WU79	Q8WU79
Q8WUA4	Q8WUA4
Q5T3I0	Q5T3I0
Q9Y3T9	Q9Y3T9
Q9NYF8	Q9NYF8
O60763	O60763
Q15527	Q15527
P42677	P42677
Q92974	Q92974
P49796	P49796
Q86SQ0	Q86SQ0
Q9Y4G8	Q9Y4G8
Q9UGU0	Q9UGU0
P16949	P16949
Q15554	Q15554
Q96BY6	Q96BY6
Q8TAQ2	Q8TAQ2
O15439	O15439
Q15025	Q15025
Q8WUF5	Q8WUF5
Q5VZL5	Q5VZL5
Q9P2C4	Q9P2C4
Q96JC9	Q96JC9
Q92499	Q92499
O75112	O75112
Q92508	Q92508
Q9Y426	Q9Y426
Q9UBP0	Q9UBP0
Q7Z6J2	Q7Z6J2
O60524	O60524
P48681	P48681
Q96AC1	Q96AC1
Q14676	Q14676
Q9NXG2	Q9NXG2
Q12959	Q12959
Q9P206	Q9P206
O43164	O43164
Q5BKX8	Q5BKX8
P02686	P02686
Q9H4A3	Q9H4A3
Q96S38	Q96S38
Q9UJU5	Q9UJU5
Q16623	Q16623
P61266	P61266
O75962	O75962
O94979	O94979
Q99460	Q99460
Q9Y3S2	Q9Y3S2
Q9Y487	Q9Y487
Q5VSL9	Q5VSL9
Q9Y5X1	Q9Y5X1
Q99700	Q99700
Q5VYS8	Q5VYS8
Q9H2G2	Q9H2G2
P48454	P48454
Q15052	Q15052
Q8N5D0	Q8N5D0
Q9UMX1	Q9UMX1
P07948	P07948
Q9HCN4	Q9HCN4
O60303	O60303
Q99584	Q99584
Q5JTD0	Q5JTD0
Q9Y6X9	Q9Y6X9
Q3V6T2	Q3V6T2
Q9NVM9	Q9NVM9
O95197	O95197
Q8ND30	Q8ND30
P23511	P23511
Q9C0B5	Q9C0B5
Q969E4	Q969E4
Q96QZ7	Q96QZ7
Q9HBL0	Q9HBL0
O43166	O43166
Q13637	Q13637
O94887	O94887
Q9NUQ6	Q9NUQ6
Q8TC07	Q8TC07
Q9Y4K1	Q9Y4K1
Q9UPQ0	Q9UPQ0
Q9H2J7	Q9H2J7
Q86V15	Q86V15
P60866	P60866
Q9NPF5	Q9NPF5
Q9UBL3	Q9UBL3
Q96PU5	Q96PU5
Q9C0C2	Q9C0C2
Q86WB0	Q86WB0
Q5JVS0	Q5JVS0
P43243	P43243
Q8N0X7	Q8N0X7
Q9H4L7	Q9H4L7
Q05209	Q05209
O75534	O75534
O00159	O00159
Q8WZA9	Q8WZA9
Q6UWJ1	Q6UWJ1
P34947	P34947
Q8TAD7	Q8TAD7
Q8NFC6	Q8NFC6
Q15185	Q15185
Q9Y2H1	Q9Y2H1
Q9BQE3	Q9BQE3
Q7Z417	Q7Z417
P35609	P35609
Q9BVJ6	Q9BVJ6
Q9H4G0	Q9H4G0
P51858	P51858
Q8IV56	Q8IV56
Q9Y4D1	Q9Y4D1
Q9P2I0	Q9P2I0
P55010	P55010
P07910	P07910
Q5TCZ1	Q5TCZ1
Q5T481	Q5T481
Q8N3D4	Q8N3D4
Q15545	Q15545
O14523	O14523
P50570	P50570
Q3KQU3	Q3KQU3
Q14324	Q14324
Q2T9K0	Q2T9K0
Q8WXH0	Q8WXH0
Q86YP4	Q86YP4
O75674	O75674
Q13409	Q13409
Q9UKV3	Q9UKV3
Q8N556	Q8N556
Q9Y4E5	Q9Y4E5
P46939	P46939
Q7Z569	Q7Z569
Q8TER5	Q8TER5
P18583	P18583
Q92823	Q92823
Q7Z7B0	Q7Z7B0
O75381	O75381
O14646	O14646
Q7Z7G8	Q7Z7G8
P35611	P35611
Q8N163	Q8N163
Q9NTI5	Q9NTI5
Q9C0C9	Q9C0C9
Q8WWM7	Q8WWM7
Q9Y5B0	Q9Y5B0
Q92538	Q92538
Q14839	Q14839
Q9HB58	Q9HB58
Q63HN8	Q63HN8
Q69YN4	Q69YN4
Q9UMZ2	Q9UMZ2
Q9Y2L9	Q9Y2L9
Q92785	Q92785
Q5T200	Q5T200
A1A4S6	A1A4S6
Q8NHZ8	Q8NHZ8
O43242	O43242
Q9Y235	Q9Y235
Q12846	Q12846
Q9UKY1	Q9UKY1
Q9P2R6	Q9P2R6
Q9UBB9	Q9UBB9
P23588	P23588
Q96B23	Q96B23
Q8N3F8	Q8N3F8
Q8IWB9	Q8IWB9
Q8TDD1	Q8TDD1
O94988	O94988
Q13029	Q13029
Q8IYB7	Q8IYB7
Q9NWZ8	Q9NWZ8
Q9Y3E1	Q9Y3E1
Q8NDV7	Q8NDV7
P53985	P53985
Q9BT43	Q9BT43
Q9NRS6	Q9NRS6
Q8N1G4	Q8N1G4
Q9Y4G6	Q9Y4G6
P14625	P14625
P07900	P07900
Q8IXW5	Q8IXW5
Q99442	Q99442
O00567	O00567
P41229	P41229
P55196	P55196
Q96MP8	Q96MP8
Q13439	Q13439
Q9Y2X3	Q9Y2X3
Q00613	Q00613
P05412	P05412
Q9NR30	Q9NR30
Q14766	Q14766
Q9NVU0	Q9NVU0
Q5R372	Q5R372
Q96CW1	Q96CW1
Q92797	Q92797
O00193	O00193
P05388	P05388
Q01804	Q01804
Q8N4C8	Q8N4C8
Q8NBJ4	Q8NBJ4
Q9UKL0	Q9UKL0
Q9UJX5	Q9UJX5
P21817	P21817
P09211	P09211
Q96CW6	Q96CW6
P80303	P80303
Q9Y3X0	Q9Y3X0
Q08357	Q08357
Q9NYV6	Q9NYV6
Q13045	Q13045
Q6NZI2	Q6NZI2
O00264	O00264
P49321	P49321
Q9BZQ8	Q9BZQ8
P20810	P20810
P55011	P55011
Q9NSC5	Q9NSC5
P41743	P41743
Q6PHR2	Q6PHR2
Q92503	Q92503
Q08945	Q08945
O75351	O75351
Q96CX2	Q96CX2
Q15651	Q15651
P53367	P53367
Q13287	Q13287
O75179	O75179
Q9H307	Q9H307
O00139	O00139
Q96NE9	Q96NE9
Q8IWA0	Q8IWA0
O75643	O75643
P20936	P20936
P42858	P42858
O95684	O95684
Q92504	Q92504
Q15291	Q15291
Q9NRL2	Q9NRL2
Q8TD19	Q8TD19
P16157	P16157
Q86T65	Q86T65
Q9Y217	Q9Y217
Q8IVL6	Q8IVL6
Q01105	Q01105
Q9BZV1	Q9BZV1
Q12873	Q12873
Q99543	Q99543
O75683	O75683
O95453	O95453
O95628	O95628
Q9Y266	Q9Y266
Q01484	Q01484
Q96EE3	Q96EE3
Q04656	Q04656
P53999	P53999
O43765	O43765
Q9Y4F5	Q9Y4F5
O75781	O75781
P14209	P14209
Q9HAU5	Q9HAU5
P53671	P53671
Q9UN37	Q9UN37
Q8TEQ6	Q8TEQ6
Q9P260	Q9P260
P21359	P21359
P23193	P23193
O75363	O75363
P28715	P28715
Q9H2Y7	Q9H2Y7
Q6Y7W6	Q6Y7W6
Q9Y613	Q9Y613
Q53TN4	Q53TN4
Q96RU2	Q96RU2
P30622	P30622
Q92913	Q92913
A0FGR8	A0FGR8
Q8NEL9	Q8NEL9
P54105	P54105
Q5TC84	Q5TC84
Q6P0Q8	Q6P0Q8
Q9NP74	Q9NP74
P50443	P50443
Q9H8W5	Q9H8W5
Q13107	Q13107
P06732	P06732
Q8NEZ4	Q8NEZ4
Q92692	Q92692
Q5JRA6	Q5JRA6
Q9C073	Q9C073
Q9UDY2	Q9UDY2
Q9UPT6	Q9UPT6
Q15678	Q15678
Q9Y3L3	Q9Y3L3
P19022	P19022
Q9NYF0	Q9NYF0
Q96TC7	Q96TC7
O43303	O43303
O95218	O95218
Q8IUG5	Q8IUG5
Q86W56	Q86W56
Q9BW71	Q9BW71
O14976	O14976
Q96QT4	Q96QT4
Q86SQ7	Q86SQ7
O75528	O75528
P23443	P23443
Q8N1I0	Q8N1I0
Q9Y5B9	Q9Y5B9
P25788	P25788
Q9H992	Q9H992
Q9UKA4	Q9UKA4
Q9H1K0	Q9H1K0
Q58FG0	Q58FG0
Q02040	Q02040
Q8TDZ2	Q8TDZ2
Q8N108	Q8N108
Q5T0F9	Q5T0F9
Q5SY16	Q5SY16
Q9NQS3	Q9NQS3
Q7Z401	Q7Z401
Q13554	Q13554
P16070	P16070
Q9Y450	Q9Y450
Q01082	Q01082
Q14693	Q14693
O94854	O94854
Q9UBH6	Q9UBH6
P62987	P62987
Q13127	Q13127
Q6PKG0	Q6PKG0
P84157	P84157
Q15424	Q15424
Q8NHP6	Q8NHP6
Q9BQA1	Q9BQA1
P19634	P19634
P49137	P49137
Q9UPN6	Q9UPN6
Q96K76	Q96K76
Q8IVF7	Q8IVF7
Q16666	Q16666
Q13501	Q13501
Q9P287	Q9P287
Q9NQX3	Q9NQX3
Q9Y3P9	Q9Y3P9
Q96MF2	Q96MF2
O95922	O95922
Q9H6X2	Q9H6X2
Q5JSZ5	Q5JSZ5
Q8WYA6	Q8WYA6
Q96RS0	Q96RS0
P07814	P07814
O43324	O43324
Q9HCD6	Q9HCD6
O75923	O75923
P08670	P08670
O60307	O60307
O15027	O15027
P50747	P50747
P05455	P05455
Q8TBZ3	Q8TBZ3
Q8TF01	Q8TF01
P49756	P49756
Q9UPZ3	Q9UPZ3
Q9BX66	Q9BX66
Q9NV70	Q9NV70
O75069	O75069
Q9NQP4	Q9NQP4
Q969V6	Q969V6
Q9UBC2	Q9UBC2
P40763	P40763
P15374	P15374
O43815	O43815
Q9BZI7	Q9BZI7
Q9H0W5	Q9H0W5
Q08AE8	Q08AE8
Q00688	Q00688
Q5VT25	Q5VT25
P85299	P85299
Q96Q05	Q96Q05
P36404	P36404
Q8IWW6	Q8IWW6
Q9ULV5	Q9ULV5
O14639	O14639
O14681	O14681
P62070	P62070
Q7Z478	Q7Z478
Q9P2B4	Q9P2B4
O75152	O75152
Q86UW6	Q86UW6
Q15942	Q15942
Q9H2M9	Q9H2M9
Q8NCW6	Q8NCW6
O95359	O95359
Q9Y6E2	Q9Y6E2
Q15652	Q15652
Q13428	Q13428
Q8N9B5	Q8N9B5
Q9H7N4	Q9H7N4
P16455	P16455
Q07065	Q07065
P12270	P12270
Q13136	Q13136
O00192	O00192
Q9Y4E8	Q9Y4E8
Q8TED9	Q8TED9
Q53GL0	Q53GL0
Q06413	Q06413
Q2M1Z3	Q2M1Z3
O43395	O43395
Q70EL1	Q70EL1
Q12830	Q12830
Q96EZ8	Q96EZ8
Q92733	Q92733
P13861	P13861
Q8ND56	Q8ND56
Q5JTH9	Q5JTH9
Q5VWQ8	Q5VWQ8
Q9UQE7	Q9UQE7
Q9NSI2	Q9NSI2
Q9BRJ6	Q9BRJ6
Q53T59	Q53T59
Q12906	Q12906
P58546	P58546
Q6PD62	Q6PD62
A8MW95	A8MW95
Q9UPU7	Q9UPU7
Q5BKZ1	Q5BKZ1
O95466	O95466
Q8TCT9	Q8TCT9
Q13435	Q13435
P21291	P21291
Q14814	Q14814
Q14847	Q14847
Q765P7	Q765P7
Q6NZ67	Q6NZ67
Q86UU1	Q86UU1
Q13017	Q13017
Q9UQR1	Q9UQR1
Q99459	Q99459
Q9UHR5	Q9UHR5
Q9UK61	Q9UK61
P04083	P04083
Q9UKS6	Q9UKS6
P78527	P78527
P04439	P04439
Q5VT97	Q5VT97
Q06124	Q06124
Q16659	Q16659
Q53LP3	Q53LP3
Q96I15	Q96I15
P27448	P27448
Q9Y6X8	Q9Y6X8
P04075	P04075
O75925	O75925
O75821	O75821
Q15464	Q15464
Q8IVL1	Q8IVL1
O00203	O00203
P63208	P63208
P41227	P41227
Q5R3F8	Q5R3F8
O75764	O75764
O60784	O60784
Q9Y4E1	Q9Y4E1
O95785	O95785
Q9NQQ7	Q9NQQ7
P08758	P08758
Q5VY43	Q5VY43
Q709C8	Q709C8
Q969J3	Q969J3
Q02078	Q02078
P15924	P15924
Q99689	Q99689
Q96DF8	Q96DF8
P41182	P41182
Q5T2D3	Q5T2D3
Q70CQ2	Q70CQ2
P17612	P17612
O95400	O95400
Q16649	Q16649
P42167	P42167
Q8TEP8	Q8TEP8
P46087	P46087
Q96S55	Q96S55
Q14865	Q14865
Q9Y4E6	Q9Y4E6
Q9NZM1	Q9NZM1
Q2KHR3	Q2KHR3
O43169	O43169
Q03169	Q03169
Q8IXQ4	Q8IXQ4
Q9H246	Q9H246
Q9NQT8	Q9NQT8
O95613	O95613
Q86TC9	Q86TC9
Q6P9H4	Q6P9H4
Q13619	Q13619
P00533	P00533
Q8IY63	Q8IY63
Q16799	Q16799
Q12982	Q12982
P82909	P82909
Q9Y6R1	Q9Y6R1
Q92870	Q92870
Q9UQC2	Q9UQC2
Q15788	Q15788
Q5JPI9	Q5JPI9
O60551	O60551
P29536	P29536
Q13884	Q13884
Q14978	Q14978
Q8WVJ9	Q8WVJ9
Q93074	Q93074
Q6ZRV2	Q6ZRV2
P50750	P50750
Q69YQ0	Q69YQ0
Q9UNX4	Q9UNX4
Q9NUL3	Q9NUL3
Q9NW68	Q9NW68
O00327	O00327
Q13555	Q13555
O00767	O00767
Q96D71	Q96D71
D6RIA3	D6RIA3
Q13451	Q13451
Q15629	Q15629
Q7L8A9	Q7L8A9
Q9ULA0	Q9ULA0
P52594	P52594
O60716	O60716
Q9HDC5	Q9HDC5
Q8NEN0	Q8NEN0
P46778	P46778
Q9Y4P8	Q9Y4P8
P49959	P49959
Q6ZVM7	Q6ZVM7
Q92890	Q92890
P52943	P52943
Q14118	Q14118
Q9UHY8	Q9UHY8
Q15366	Q15366
Q8NB49	Q8NB49
Q9H2D6	Q9H2D6
Q9Y232	Q9Y232
O94906	O94906
Q8IW50	Q8IW50
Q5XKK7	Q5XKK7
Q99549	Q99549
Q7L9L4	Q7L9L4
Q96PX6	Q96PX6
P05198	P05198
Q15648	Q15648
O95671	O95671
Q14161	Q14161
P51946	P51946
Q92622	Q92622
Q16270	Q16270
Q06830	Q06830
Q92610	Q92610
O94929	O94929
P17987	P17987
Q9NP61	Q9NP61
Q96K83	Q96K83
Q5H9R7	Q5H9R7
Q96RT1	Q96RT1
P47712	P47712
Q9Y6D5	Q9Y6D5
Q96GX8	Q96GX8
Q52LW3	Q52LW3
Q9BSJ8	Q9BSJ8
Q9NZN5	Q9NZN5
P78316	P78316
Q9UHF7	Q9UHF7
O60885	O60885
O43491	O43491
Q3B726	Q3B726
Q9BQ52	Q9BQ52
Q96BR1	Q96BR1
O15085	O15085
A2AJT9	A2AJT9
Q9Y6M7	Q9Y6M7
Q6ZS17	Q6ZS17
Q5ZPR3	Q5ZPR3
Q9P266	Q9P266
O15021	O15021
P52179	P52179
Q92922	Q92922
Q9H6S3	Q9H6S3
Q5VZ89	Q5VZ89
O14683	O14683
Q9UDT6	Q9UDT6
Q8N9Q2	Q8N9Q2
P49354	P49354
Q9Y5S2	Q9Y5S2
Q14008	Q14008
O14492	O14492
A7E2V4	A7E2V4
P31943	P31943
P02794	P02794
Q99961	Q99961
Q9Y5B6	Q9Y5B6
P35237	P35237
Q9UMS6	Q9UMS6
Q14103	Q14103
Q9UHW9	Q9UHW9
P41236	P41236
Q9NR31	Q9NR31
Q8TEQ0	Q8TEQ0
Q8NI27	Q8NI27
Q9BPZ7	Q9BPZ7
Q14004	Q14004
P48637	P48637
Q86X27	Q86X27
Q9UHV7	Q9UHV7
Q8NG27	Q8NG27
Q92995	Q92995
Q9Y3F4	Q9Y3F4
O95714	O95714
P42566	P42566
Q9ULC3	Q9ULC3
Q6NZY4	Q6NZY4
P00367	P00367
P61978	P61978
P04406	P04406
P10071	P10071
Q6ZMU5	Q6ZMU5
P46060	P46060
Q9H8G2	Q9H8G2
Q659C4	Q659C4
Q86V25	Q86V25
P61160	P61160
Q9UKN8	Q9UKN8
P16220	P16220
Q76M96	Q76M96
Q92625	Q92625
O43741	O43741
Q14D04	Q14D04
O14958	O14958
Q7Z4S6	Q7Z4S6
P50395	P50395
Q99755	Q99755
Q7Z5L9	Q7Z5L9
Q9UP95	Q9UP95
Q9P265	Q9P265
Q9Y2E4	Q9Y2E4
O75116	O75116
Q9P1T7	Q9P1T7
O95573	O95573
P62750	P62750
Q9Y2I7	Q9Y2I7
Q5HYJ3	Q5HYJ3
Q8N2M8	Q8N2M8
Q5JV73	Q5JV73
Q9P246	Q9P246
P14866	P14866
P14317	P14317
P62241	P62241
P31949	P31949
Q00536	Q00536
Q9Y6M1	Q9Y6M1
Q58A45	Q58A45
Q9P2Y5	Q9P2Y5
Q9BXJ9	Q9BXJ9
P55081	P55081
Q9HAU0	Q9HAU0
Q12923	Q12923
Q562R1	Q562R1
Q16181	Q16181
Q15019	Q15019
O43236	O43236
P35269	P35269
Q99613	Q99613
Q16186	Q16186
Q9NW75	Q9NW75
Q9H7S9	Q9H7S9
Q96NB3	Q96NB3
P78332	P78332
Q12905	Q12905
Q5SSJ5	Q5SSJ5
P26373	P26373
Q8NDX5	Q8NDX5
Q9HCL2	Q9HCL2
Q15111	Q15111
Q9BWU0	Q9BWU0
P52926	P52926
P29692	P29692
O60237	O60237
Q9NZC9	Q9NZC9
Q9UN70	Q9UN70
O60318	O60318
Q05519	Q05519
Q15691	Q15691
P36873	P36873
P78346	P78346
Q13425	Q13425
O75909	O75909
O00423	O00423
P25054	P25054
Q99590	Q99590
Q8TBA6	Q8TBA6
Q13442	Q13442
P62888	P62888
O14974	O14974
Q9UNZ2	Q9UNZ2
Q14526	Q14526
Q9ULG6	Q9ULG6
Q9H3N1	Q9H3N1
Q9P2N5	Q9P2N5
P17302	P17302
O96013	O96013
Q96PE2	Q96PE2
Q8NFG4	Q8NFG4
P55287	P55287
Q92766	Q92766
P48059	P48059
P55072	P55072
Q9P2E9	Q9P2E9
P05387	P05387
Q9BZH6	Q9BZH6
Q9Y4B4	Q9Y4B4
Q96G03	Q96G03
Q15700	Q15700
Q8N370	Q8N370
P55199	P55199
Q5VUA4	Q5VUA4
Q12872	Q12872
Q9H0B6	Q9H0B6
O00716	O00716
Q9Y696	Q9Y696
Q8ND04	Q8ND04
Q13813	Q13813
Q9UPQ3	Q9UPQ3
Q96P47	Q96P47
O94901	O94901
Q16204	Q16204
Q8TB03	Q8TB03
Q5FWF5	Q5FWF5
P43487	P43487
Q9HAN9	Q9HAN9
Q03468	Q03468
O75030	O75030
O43310	O43310
P42685	P42685
Q9NR09	Q9NR09
Q9Y2Z0	Q9Y2Z0
O60502	O60502
P08253	P08253
O75509	O75509
Q9NX40	Q9NX40
Q9ULI0	Q9ULI0
Q96LA8	Q96LA8
Q08J23	Q08J23
Q03111	Q03111
Q9BXS5	Q9BXS5
P35858	P35858
Q92878	Q92878
P34910	P34910
Q8TEU7	Q8TEU7
Q15051	Q15051
Q6ZSR9	Q6ZSR9
P51178	P51178
P61204	P61204
P18085	P18085
Q14993	Q14993
Q8WYL5	Q8WYL5
Q6UXV4	Q6UXV4
Q8TEW8	Q8TEW8
O15427	O15427
P08138	P08138
Q0IIM8	Q0IIM8
Q9BWF3	Q9BWF3
P42345	P42345
P25106	P25106
Q96QC0	Q96QC0
A2A3K4	A2A3K4
Q96T37	Q96T37
P08708	P08708
Q13464	Q13464
Q9UHR4	Q9UHR4
Q6NYC8	Q6NYC8
P42224	P42224
Q9NVN8	Q9NVN8
Q6IAA8	Q6IAA8
Q13123	Q13123
P98174	P98174
P0C1Z6	P0C1Z6
Q9NZL4	Q9NZL4
Q6YHU6	Q6YHU6
Q99698	Q99698
P61247	P61247
Q9H2P0	Q9H2P0
Q9P2F8	Q9P2F8
Q16512	Q16512
O00472	O00472
Q8WUA2	Q8WUA2
Q08AD1	Q08AD1
Q96CV9	Q96CV9
Q8NI08	Q8NI08
Q92539	Q92539
Q86TV6	Q86TV6
P23497	P23497
O96007	O96007
P62191	P62191
Q9NZN4	Q9NZN4
O14672	O14672
Q13404	Q13404
Q8IXK0	Q8IXK0
Q9GZT3	Q9GZT3
Q9ULH0	Q9ULH0
Q9H425	Q9H425
Q99704	Q99704
Q8TBP0	Q8TBP0
O43149	O43149
P24821	P24821
P08910	P08910
Q15334	Q15334
Q9UPI3	Q9UPI3
Q13610	Q13610
Q6DN90	Q6DN90
Q00537	Q00537
Q07002	Q07002
Q9NS56	Q9NS56
Q7Z7L8	Q7Z7L8
Q9UJU6	Q9UJU6
Q9Y5Q9	Q9Y5Q9
O95069	O95069
Q658Y4	Q658Y4
Q5VVJ2	Q5VVJ2
O60245	O60245
Q9UQB8	Q9UQB8
Q9UNL2	Q9UNL2
Q14241	Q14241
Q00587	Q00587
O00559	O00559
Q7Z3K3	Q7Z3K3
Q5T5C0	Q5T5C0
Q96RR4	Q96RR4
Q49A26	Q49A26
Q9NQG5	Q9NQG5
Q9NYJ8	Q9NYJ8
E7EW31	E7EW31
P57737	P57737
Q8N201	Q8N201
Q15742	Q15742
Q9BTC8	Q9BTC8
Q9HCE1	Q9HCE1
Q96BY7	Q96BY7
O14828	O14828
Q9UGP4	Q9UGP4
Q08499	Q08499
O94967	O94967
Q8ND24	Q8ND24
Q6V0I7	Q6V0I7
P40925	P40925
Q8NEJ9	Q8NEJ9
Q9Y2H0	Q9Y2H0
Q9UPR0	Q9UPR0
Q86UE4	Q86UE4
Q9NRF8	Q9NRF8
Q9BST9	Q9BST9
Q15643	Q15643
Q08334	Q08334
Q63HR2	Q63HR2
Q5VUB5	Q5VUB5
O95819	O95819
P82094	P82094
P21796	P21796
P45880	P45880
P53602	P53602
Q9NPB8	Q9NPB8
P35240	P35240
Q13530	Q13530
Q9NRX5	Q9NRX5
O60503	O60503
P56962	P56962
Q6VY07	Q6VY07
O43583	O43583
Q9UJM3	Q9UJM3
Q96G23	Q96G23
O95391	O95391
Q9H7F0	Q9H7F0
P78312	P78312
Q9Y4G2	Q9Y4G2
P13807	P13807
Q8NFA0	Q8NFA0
Q13620	Q13620
Q9UH62	Q9UH62
Q14160	Q14160
Q9NXE8	Q9NXE8
P52564	P52564
Q5HYI7	Q5HYI7
P25116	P25116
Q6P5Q4	Q6P5Q4
Q9Y2K7	Q9Y2K7
Q8WYH8	Q8WYH8
O60812	O60812
Q71F56	Q71F56
P19237	P19237
Q7Z309	Q7Z309
Q5VST9	Q5VST9
Q2V2M9	Q2V2M9
Q8NE79	Q8NE79
Q49MG5	Q49MG5
Q92930	Q92930
O43818	O43818
Q9NRH2	Q9NRH2
P15336	P15336
P20337	P20337
O60333	O60333
Q86U70	Q86U70
O43493	O43493
Q9NZU5	Q9NZU5
P31629	P31629
Q8IYM9	Q8IYM9
Q9Y2H6	Q9Y2H6
Q9UBW7	Q9UBW7
Q8N573	Q8N573
P55036	P55036
Q9Y3Q3	Q9Y3Q3
Q7L1Q6	Q7L1Q6
Q9NWC5	Q9NWC5
O14613	O14613
O60315	O60315
Q8NC44	Q8NC44
Q8N5G2	Q8N5G2
P40855	P40855
O15440	O15440
P13535	P13535
Q96RN5	Q96RN5
Q96HR8	Q96HR8
Q6P4E1	Q6P4E1
O94913	O94913
Q86SF2	Q86SF2
Q08999	Q08999
Q92628	Q92628
O60238	O60238
O14495	O14495
Q08117	Q08117
Q9UIG8	Q9UIG8
Q14721	Q14721
P51659	P51659
Q14694	Q14694
Q8WW12	Q8WW12
Q9NRY4	Q9NRY4
Q9Y5T5	Q9Y5T5
Q92609	Q92609
P25098	P25098
O75449	O75449
Q96Q15	Q96Q15
Q9BUA3	Q9BUA3
Q14699	Q14699
Q13033	Q13033
P57679	P57679
P17181	P17181
Q8WWI1	Q8WWI1
Q9UPN7	Q9UPN7
P14868	P14868
O95677	O95677
Q08431	Q08431
P17301	P17301
Q8N5F7	Q8N5F7
Q07866	Q07866
Q14157	Q14157
Q9NZB2	Q9NZB2
Q99567	Q99567
Q13625	Q13625
Q9Y6M4	Q9Y6M4
P09543	P09543
P23470	P23470
P30086	P30086
Q9NS62	Q9NS62
Q5TBA9	Q5TBA9
Q9Y2L5	Q9Y2L5
Q96PZ0	Q96PZ0
Q5SYE7	Q5SYE7
Q8TDY4	Q8TDY4
Q9Y5K6	Q9Y5K6
Q9BWW4	Q9BWW4
P81877	P81877
Q8N1F8	Q8N1F8
Q96AT1	Q96AT1
Q12983	Q12983
Q53EL6	Q53EL6
O94763	O94763
Q8TDR0	Q8TDR0
O75592	O75592
O00522	O00522
Q6ZWT7	Q6ZWT7
Q96Q45	Q96Q45
Q13203	Q13203
P49790	P49790
Q9Y385	Q9Y385
Q86XJ1	Q86XJ1
Q15717	Q15717
Q96T58	Q96T58
Q9H8M9	Q9H8M9
Q13480	Q13480
Q92734	Q92734
Q9NW97	Q9NW97
Q92598	Q92598
Q9UKK3	Q9UKK3
P54727	P54727
Q96FW1	Q96FW1
O75400	O75400
Q8WX93	Q8WX93
Q7Z3E5	Q7Z3E5
P60174	P60174
O75475	O75475
Q9BVG4	Q9BVG4
Q9C0H5	Q9C0H5
P13797	P13797
Q9UHD8	Q9UHD8
P54259	P54259
Q9BSL1	Q9BSL1
Q9BZZ5	Q9BZZ5
Q01433	Q01433
Q6P3W7	Q6P3W7
Q2M2Z5	Q2M2Z5
P40818	P40818
Q03701	Q03701
Q6IC98	Q6IC98
O15173	O15173
Q9Y570	Q9Y570
Q8NEY8	Q8NEY8
Q8IYU2	Q8IYU2
O75382	O75382
Q9NRG0	Q9NRG0
Q8NHQ9	Q8NHQ9
Q9NZM3	Q9NZM3
Q8TCJ2	Q8TCJ2
P28827	P28827
Q93052	Q93052
P16383	P16383
P30533	P30533
Q92688	Q92688
O43314	O43314
Q8NFH8	Q8NFH8
Q05682	Q05682
Q96KP1	Q96KP1
Q92738	Q92738
Q7Z6J0	Q7Z6J0
Q14289	Q14289
Q9P227	Q9P227
Q86XR7	Q86XR7
Q9Y2K2	Q9Y2K2
Q92769	Q92769
P62805	P62805
P16333	P16333
O94808	O94808
Q12791	Q12791
P56945	P56945
Q9UK59	Q9UK59
Q9Y2U5	Q9Y2U5
Q9NZL6	Q9NZL6
O75815	O75815
Q6ZS30	Q6ZS30
Q9H7D7	Q9H7D7
P11171	P11171
Q8IW52	Q8IW52
P35222	P35222
Q9Y4F9	Q9Y4F9
O43318	O43318
P41208	P41208
A2RRP1	A2RRP1
Q16825	Q16825
P20020	P20020
O00505	O00505
Q9UPN4	Q9UPN4
Q68EM7	Q68EM7
Q9C040	Q9C040
P55198	P55198
Q7Z5K2	Q7Z5K2
Q96PU4	Q96PU4
Q5VWG9	Q5VWG9
P57682	P57682
Q8IZ21	Q8IZ21
Q12996	Q12996
Q9BTL3	Q9BTL3
E9PB15	E9PB15
O15047	O15047
Q96T17	Q96T17
Q9BZX2	Q9BZX2
O00410	O00410
Q13905	Q13905
Q9BY89	Q9BY89
Q9BZF9	Q9BZF9
Q9UL01	Q9UL01
Q09161	Q09161
P18754	P18754
Q15287	Q15287
Q86W92	Q86W92
Q14669	Q14669
O94880	O94880
Q7Z2E3	Q7Z2E3
Q96L34	Q96L34
Q92466	Q92466
Q86VX9	Q86VX9
Q5VZK9	Q5VZK9
Q7RTP6	Q7RTP6
Q9BUQ8	Q9BUQ8
Q4G0J3	Q4G0J3
Q9UJF2	Q9UJF2
P42696	P42696
Q9UKJ3	Q9UKJ3
Q96B36	Q96B36
O95232	O95232
Q9ULV3	Q9ULV3
Q9C0B1	Q9C0B1
Q14C86	Q14C86
O60343	O60343
Q9BRS8	Q9BRS8
P22087	P22087
Q96II8	Q96II8
P50548	P50548
Q96NW7	Q96NW7
Q01650	Q01650
Q8N2F6	Q8N2F6
Q92934	Q92934
Q96GP6	Q96GP6
P50542	P50542
Q9UKF7	Q9UKF7
Q9GZM8	Q9GZM8
O15056	O15056
Q7LBC6	Q7LBC6
Q86YV5	Q86YV5
Q9Y3M2	Q9Y3M2
Q9H2K8	Q9H2K8
O60930	O60930
Q9HC56	Q9HC56
O75140	O75140
Q8N111	Q8N111
A8MT19	A8MT19
P05556	P05556
P51825	P51825
Q86X02	Q86X02
Q8NG08	Q8NG08
Q9H2L5	Q9H2L5
Q6IQ26	Q6IQ26
Q9UBF8	Q9UBF8
Q96FJ0	Q96FJ0
P15884	P15884
Q07960	Q07960
O94992	O94992
Q9UPN9	Q9UPN9
P08865	P08865
O15013	O15013
Q16637	Q16637
Q15884	Q15884
Q9Y608	Q9Y608
O00470	O00470
Q9BQK8	Q9BQK8
Q6ZUT9	Q6ZUT9
Q9Y2H2	Q9Y2H2
P43005	P43005
Q4AC94	Q4AC94
Q99958	Q99958
O15234	O15234
Q6PID6	Q6PID6
O94827	O94827
P30279	P30279
O75153	O75153
Q9Y3R5	Q9Y3R5
Q7Z5P9	Q7Z5P9
P52701	P52701
Q9UN42	Q9UN42
P63316	P63316
P43007	P43007
Q76N32	Q76N32
Q96PL5	Q96PL5
A7KAX9	A7KAX9
Q08211	Q08211
Q9Y2D5	Q9Y2D5
P48444	P48444
Q9NSY1	Q9NSY1
Q14112	Q14112
O75044	O75044
Q5JTV8	Q5JTV8
Q13362	Q13362
Q14738	Q14738
Q9NRA0	Q9NRA0
P43121	P43121
Q9BXK5	Q9BXK5
Q5HYW2	Q5HYW2
Q9Y2D4	Q9Y2D4
Q66GS9	Q66GS9
Q96L92	Q96L92
Q15040	Q15040
Q9BYW2	Q9BYW2
Q92574	Q92574
P08473	P08473
O95297	O95297
P40227	P40227
Q9NQ75	Q9NQ75
O15164	O15164
Q5JXC2	Q5JXC2
P78536	P78536
P18206	P18206
Q9P0U3	Q9P0U3
Q27J81	Q27J81
P09382	P09382
Q3SY69	Q3SY69
Q5T5P2	Q5T5P2
P27987	P27987
Q96AQ6	Q96AQ6
O75064	O75064
P08651	P08651
O60447	O60447
Q96AJ1	Q96AJ1
Q9H706	Q9H706
P0CAP2	P0CAP2
P98082	P98082
Q99523	Q99523
Q15555	Q15555
P40189	P40189
Q6ICG6	Q6ICG6
Q2PPJ7	Q2PPJ7
O43293	O43293
P40123	P40123
O75971	O75971
Q96QD8	Q96QD8
Q14938	Q14938
Q14684	Q14684
Q8TAT6	Q8TAT6
Q96HP0	Q96HP0
Q9UBT2	Q9UBT2
P62826	P62826
O00429	O00429
Q08170	Q08170
Q7Z422	Q7Z422
P28290	P28290
Q6P3S1	Q6P3S1
Q9UBM7	Q9UBM7
Q7Z5H3	Q7Z5H3
Q8WWN8	Q8WWN8
Q9HCH5	Q9HCH5
Q8ND76	Q8ND76
Q96B18	Q96B18
Q01970	Q01970
Q15075	Q15075
O75976	O75976
Q9UBS9	Q9UBS9
Q14764	Q14764
Q96NN9	Q96NN9
Q53HC0	Q53HC0
Q13185	Q13185
O15155	O15155
Q9BZE9	Q9BZE9
Q9Y2X7	Q9Y2X7
O95292	O95292
Q9NQC7	Q9NQC7
Q99650	Q99650
Q8NHQ8	Q8NHQ8
P18615	P18615
Q92997	Q92997
Q8TEW0	Q8TEW0
Q9H694	Q9H694
Q53SF7	Q53SF7
Q99614	Q99614
Q5UIP0	Q5UIP0
Q8N7R7	Q8N7R7
Q9BZ71	Q9BZ71
P06400	P06400
Q9BWH2	Q9BWH2
Q5T1M5	Q5T1M5
P31321	P31321
Q9P0V3	Q9P0V3
Q8TDY8	Q8TDY8
Q9Y4F1	Q9Y4F1
A2RU67	A2RU67
Q9Y3Q8	Q9Y3Q8
Q01130	Q01130
Q14774	Q14774
Q9Y6R4	Q9Y6R4
Q00653	Q00653
Q14242	Q14242
Q6P1R3	Q6P1R3
P35658	P35658
Q9BTE7	Q9BTE7
Q92793	Q92793
Q9NP66	Q9NP66
Q7L804	Q7L804
Q92540	Q92540
Q15036	Q15036
Q9BVC5	Q9BVC5
P15056	P15056
Q9C0A6	Q9C0A6
Q13129	Q13129
Q99759	Q99759
Q15139	Q15139
Q8WVT3	Q8WVT3
A6NGB9	A6NGB9
Q5M775	Q5M775
Q96JP5	Q96JP5
O00499	O00499
O60890	O60890
Q8N6T3	Q8N6T3
Q9NWQ4	Q9NWQ4
Q8TB45	Q8TB45
Q9HCU0	Q9HCU0
Q8WY36	Q8WY36
Q9Y3C5	Q9Y3C5
P28370	P28370
Q8N8S7	Q8N8S7
Q9BZL4	Q9BZL4
Q15776	Q15776
P10636	P10636
P15880	P15880
Q6VN20	Q6VN20
Q96F86	Q96F86
Q9H0X4	Q9H0X4
P23142	P23142
Q9H063	Q9H063
Q92900	Q92900
Q9Y4D2	Q9Y4D2
Q96MT3	Q96MT3
Q9ULH1	Q9ULH1
Q5JSL3	Q5JSL3
Q9BYG3	Q9BYG3
Q13164	Q13164
Q14185	Q14185
Q15751	Q15751
Q9P2T1	Q9P2T1
Q9H0G5	Q9H0G5
Q9H6S0	Q9H6S0
Q96HH9	Q96HH9
P49918	P49918
Q02543	Q02543
Q6ULP2	Q6ULP2
Q3KR37	Q3KR37
Q8N7B6	Q8N7B6
O43768	O43768
P13716	P13716
Q13191	Q13191
Q9BWG4	Q9BWG4
Q9UGU5	Q9UGU5
Q8WVR3	Q8WVR3
Q15057	Q15057
Q6FI81	Q6FI81
Q12849	Q12849
Q96ER3	Q96ER3
Q96T83	Q96T83
Q8N8E3	Q8N8E3
Q96Q42	Q96Q42
Q13283	Q13283
Q8N4U5	Q8N4U5
Q9Y5U2	Q9Y5U2
Q9UPT5	Q9UPT5
Q8N568	Q8N568
P50552	P50552
Q9BZV2	Q9BZV2
Q86WC4	Q86WC4
Q8IWT6	Q8IWT6
Q7L0Y3	Q7L0Y3
Q2TBE0	Q2TBE0
P62491	P62491
O95394	O95394
Q13522	Q13522
Q92521	Q92521
Q86WG5	Q86WG5
P24588	P24588
Q9UN86	Q9UN86
Q96IZ0	Q96IZ0
P68104	P68104
Q6P995	Q6P995
Q9Y6D6	Q9Y6D6
P20962	P20962
Q12857	Q12857
Q8IVH8	Q8IVH8
Q9UGI9	Q9UGI9
Q9NUN5	Q9NUN5
Q96C24	Q96C24
Q9P270	Q9P270
Q5HYK7	Q5HYK7
Q8TB52	Q8TB52
Q6P6C2	Q6P6C2
Q9UHI6	Q9UHI6
Q9UBU9	Q9UBU9
Q14141	Q14141
P55265	P55265
P63104	P63104
Q8IWS0	Q8IWS0
Q9UF11	Q9UF11
Q9H987	Q9H987
Q86UU0	Q86UU0
Q13206	Q13206
Q8TEH3	Q8TEH3
Q86UX7	Q86UX7
Q92859	Q92859
Q9NTX5	Q9NTX5
P40425	P40425
O00303	O00303
Q9Y3D3	Q9Y3D3
Q15170	Q15170
Q9BQ70	Q9BQ70
P13611	P13611
Q9UJX6	Q9UJX6
Q9HAV4	Q9HAV4
Q8WZA1	Q8WZA1
Q9UHK0	Q9UHK0
Q9UEW8	Q9UEW8
Q9BV40	Q9BV40
Q4KMP7	Q4KMP7
Q8WVV9	Q8WVV9
Q9NWS9	Q9NWS9
O94864	O94864
P05114	P05114
Q8NCF5	Q8NCF5
Q9UQK1	Q9UQK1
P51809	P51809
P10070	P10070
Q9ULJ3	Q9ULJ3
Q9Y5P4	Q9Y5P4
Q86VP3	Q86VP3
Q7Z2K8	Q7Z2K8
B3KU38	B3KU38
Q9BQI5	Q9BQI5
Q9Y2K3	Q9Y2K3
O43159	O43159
Q15293	Q15293
Q9Y6N7	Q9Y6N7
Q7Z4Q2	Q7Z4Q2
Q8IUD2	Q8IUD2
Q96FV9	Q96FV9
Q9UPT8	Q9UPT8
Q14202	Q14202
Q9H3P7	Q9H3P7
O00712	O00712
P37837	P37837
P32519	P32519
P18887	P18887
Q9H3P2	Q9H3P2
Q8IZP0	Q8IZP0
Q9BPX3	Q9BPX3
O95425	O95425
Q9UPU5	Q9UPU5
P49915	P49915
Q9NW82	Q9NW82
B2RTY4	B2RTY4
Q9NVR2	Q9NVR2
Q5JT25	Q5JT25
Q6PFW1	Q6PFW1
Q04759	Q04759
Q9Y6M5	Q9Y6M5
Q9Y6I3	Q9Y6I3
Q9Y6Q9	Q9Y6Q9
Q96A49	Q96A49
Q9NQ66	Q9NQ66
Q96DZ5	Q96DZ5
O75385	O75385
Q8NF91	Q8NF91
O60264	O60264
P23634	P23634
Q9H5H4	Q9H5H4
Q9UNF0	Q9UNF0
Q6P1Q9	Q6P1Q9
Q8N264	Q8N264
O60669	O60669
A4UGR9	A4UGR9
Q9UKK9	Q9UKK9
Q9H7C4	Q9H7C4
Q9NQZ2	Q9NQZ2
Q9H910	Q9H910
P35580	P35580
Q92541	Q92541
Q96MH2	Q96MH2
Q9Y2Q0	Q9Y2Q0
Q86XL3	Q86XL3
Q2M389	Q2M389
Q86UP3	Q86UP3
P51003	P51003
Q9Y5J1	Q9Y5J1
P42356	P42356
Q13188	Q13188
Q8TDX7	Q8TDX7
Q9UBV2	Q9UBV2
Q96MY1	Q96MY1
Q7KZI7	Q7KZI7
O95104	O95104
Q13009	Q13009
O95183	O95183
P53814	P53814
Q9H422	Q9H422
Q6GYQ0	Q6GYQ0
Q9Y2G8	Q9Y2G8
Q7Z2W4	Q7Z2W4
P06576	P06576
Q8WUI4	Q8WUI4
O15084	O15084
Q16555	Q16555
Q13976	Q13976
Q13237	Q13237
Q8WXF7	Q8WXF7
O94915	O94915
P05186	P05186
P48651	P48651
Q9UKX7	Q9UKX7
Q6ZSS7	Q6ZSS7
Q5TF58	Q5TF58
Q8IXM2	Q8IXM2
P56181	P56181
O00244	O00244
P41250	P41250
Q9P0P8	Q9P0P8
Q9NWB7	Q9NWB7
Q9BRK5	Q9BRK5
Q96P16	Q96P16
O95674	O95674
Q07955	Q07955
Q9NPC6	Q9NPC6
P14921	P14921
O15258	O15258
Q9BQE9	Q9BQE9
P17936	P17936
Q9H5J0	Q9H5J0
P30414	P30414
P15260	P15260
Q8IZ73	Q8IZ73
Q86WR0	Q86WR0
Q12767	Q12767
O95644	O95644
Q96E39	Q96E39
P38159	P38159
Q9ULL0	Q9ULL0
P22681	P22681
P05067	P05067
O15357	O15357
P16615	P16615
O95721	O95721
Q96IG2	Q96IG2
Q9UKC9	Q9UKC9
O14730	O14730
Q92954	Q92954
Q9H013	Q9H013
P17252	P17252
O00299	O00299
P11277	P11277
Q8TD55	Q8TD55
Q8TEV9	Q8TEV9
Q9Y2U8	Q9Y2U8
Q8WWQ0	Q8WWQ0
Q9NZ09	Q9NZ09
Q9NV56	Q9NV56
P12277	P12277
O14737	O14737
Q16658	Q16658
Q12802	Q12802
Q7KZF4	Q7KZF4
P35716	P35716
Q6P9G4	Q6P9G4
O95817	O95817
Q9NQ84	Q9NQ84
Q9Y606	Q9Y606
P42684	P42684
Q8IXJ6	Q8IXJ6
Q92945	Q92945
Q9Y666	Q9Y666
Q8IZL8	Q8IZL8
O60488	O60488
Q8N3C0	Q8N3C0
Q9P2D3	Q9P2D3
Q9BZC7	Q9BZC7
O75052	O75052
O00443	O00443
Q68DK2	Q68DK2
O14497	O14497
Q06190	Q06190
Q9H6A9	Q9H6A9
Q9ULT8	Q9ULT8
Q16760	Q16760
Q96E09	Q96E09
Q9Y3E7	Q9Y3E7
Q8IZD0	Q8IZD0
Q6UN15	Q6UN15
O95793	O95793
Q8NC96	Q8NC96
P00338	P00338
Q14151	Q14151
Q8N302	Q8N302
Q9Y6Y8	Q9Y6Y8
P18433	P18433
Q7Z460	Q7Z460
Q7L2H7	Q7L2H7
O00151	O00151
P29972	P29972
O75369	O75369
Q86VQ1	Q86VQ1
Q14194	Q14194
Q6P1L5	Q6P1L5
P51610	P51610
P05023	P05023
O00418	O00418
Q13433	Q13433
Q8WYQ5	Q8WYQ5
Q04323	Q04323
P62136	P62136
Q14644	Q14644
Q9UBT7	Q9UBT7
P00568	P00568
Q14192	Q14192
Q9C0H2	Q9C0H2
Q9NYB0	Q9NYB0
P83436	P83436
Q13496	Q13496
P10301	P10301
Q9NYL2	Q9NYL2
P62140	P62140
P46108	P46108
P07947	P07947
Q05D32	Q05D32
P24928	P24928
O60437	O60437
Q96A57	Q96A57
Q8TCZ2	Q8TCZ2
Q7Z3G6	Q7Z3G6
O94762	O94762
Q8N9T8	Q8N9T8
Q9NWW5	Q9NWW5
Q15326	Q15326
Q5VZM2	Q5VZM2
O95935	O95935
Q8TDC3	Q8TDC3
Q92630	Q92630
Q9BRK4	Q9BRK4
Q86SQ6	Q86SQ6
Q9UBB5	Q9UBB5
P09496	P09496
Q5PRF9	Q5PRF9
Q9P2Q2	Q9P2Q2
Q15018	Q15018
Q9H4A6	Q9H4A6
Q9P2G1	Q9P2G1
Q9NZQ3	Q9NZQ3
Q86U86	Q86U86
Q12988	Q12988
O00116	O00116
Q9UKM9	Q9UKM9
Q9H1K1	Q9H1K1
P19532	P19532
Q9BUU2	Q9BUU2
Q8N350	Q8N350
O60291	O60291
Q9Y2J4	Q9Y2J4
Q9NSK0	Q9NSK0
Q9ULQ0	Q9ULQ0
P41970	P41970
O15127	O15127
Q8N5S9	Q8N5S9
Q29RF7	Q29RF7
A6NIX2	A6NIX2
P49768	P49768
Q9UFC0	Q9UFC0
O94819	O94819
Q9HB09	Q9HB09
O95685	O95685
Q9NWZ5	Q9NWZ5
O43290	O43290
Q9NR34	Q9NR34
Q9Y2Y9	Q9Y2Y9
Q96C19	Q96C19
P09603	P09603
O95402	O95402
P34925	P34925
O75569	O75569
P78356	P78356
Q9BU76	Q9BU76
Q96JK2	Q96JK2
Q7L3B6	Q7L3B6
P29590	P29590
Q9BRK3	Q9BRK3
Q7Z406	Q7Z406
Q9NR19	Q9NR19
P56696	P56696
Q8WU90	Q8WU90
Q2KJY2	Q2KJY2
Q6ZUT6	Q6ZUT6
Q8IX15	Q8IX15
Q96PC5	Q96PC5
P38432	P38432
Q9ULL8	Q9ULL8
O75362	O75362
P15923	P15923
Q9UJW0	Q9UJW0
Q9NY61	Q9NY61
Q96JY6	Q96JY6
P10916	P10916
Q2YD98	Q2YD98
Q6IQ22	Q6IQ22
Q9ULU8	Q9ULU8
Q9H6H4	Q9H6H4
Q03252	Q03252
Q6UWH4	Q6UWH4
P20700	P20700
Q9H6F5	Q9H6F5
P09455	P09455
Q8NDX6	Q8NDX6
Q1RMZ1	Q1RMZ1
O95456	O95456
O43861	O43861
Q8NFJ5	Q8NFJ5
P78314	P78314
Q9UBP6	Q9UBP6
P46937	P46937
Q7Z3C6	Q7Z3C6
Q8N8Z6	Q8N8Z6
Q9BSQ5	Q9BSQ5
Q9Y6D9	Q9Y6D9
Q9NQG6	Q9NQG6
Q00987	Q00987
O14795	O14795
P83731	P83731
Q96MU7	Q96MU7
Q9H9D4	Q9H9D4
Q9UIS9	Q9UIS9
P55884	P55884
Q9NR45	Q9NR45
Q8TC76	Q8TC76
Q6ZSY5	Q6ZSY5
Q96PE1	Q96PE1
O43516	O43516
O14924	O14924
P04637	P04637
Q8N6T7	Q8N6T7
Q07912	Q07912
O14545	O14545
Q8NAC3	Q8NAC3
P46940	P46940
P48960	P48960
Q8N3E9	Q8N3E9
O43822	O43822
O75420	O75420
Q96JN8	Q96JN8
O15417	O15417
P04920	P04920
Q9H4L5	Q9H4L5
P11532	P11532
Q9Y383	Q9Y383
Q14524	Q14524
Q86XP3	Q86XP3
Q9P2P5	Q9P2P5
O15530	O15530
O43306	O43306
Q9UKI2	Q9UKI2
Q14153	Q14153
Q8IWZ3	Q8IWZ3
Q6EEV4	Q6EEV4
O00459	O00459
P46379	P46379
Q9HA65	Q9HA65
Q86UW9	Q86UW9
Q15642	Q15642
O95801	O95801
O94964	O94964
P20749	P20749
Q0VG06	Q0VG06
Q86WR7	Q86WR7
Q15345	Q15345
Q86YR5	Q86YR5
Q9BUT9	Q9BUT9
P02511	P02511
Q8TAP8	Q8TAP8
Q9UBS0	Q9UBS0
Q8N137	Q8N137
Q7Z7A4	Q7Z7A4
O00231	O00231
P56524	P56524
Q4L180	Q4L180
Q9BRZ2	Q9BRZ2
Q96P48	Q96P48
Q5C9Z4	Q5C9Z4
Q86X53	Q86X53
Q13627	Q13627
Q99501	Q99501
P25325	P25325
O00291	O00291
O14558	O14558
O60936	O60936
P27708	P27708
Q7L7X3	Q7L7X3
Q9H0K1	Q9H0K1
A0A0B4J2F2	A0A0B4J2F2
Q8IY26	Q8IY26
Q8TAF3	Q8TAF3
P54578	P54578
Q6NXT1	Q6NXT1
Q8ND25	Q8ND25
Q9BVG9	Q9BVG9
O60381	O60381
Q969K3	Q969K3
Q8WZ73	Q8WZ73
O94826	O94826
O75143	O75143
Q99500	Q99500
Q9H0E3	Q9H0E3
Q9UF83	Q9UF83
Q92543	Q92543
P15822	P15822
P08913	P08913
Q9BZ23	Q9BZ23
Q9BV36	Q9BV36
Q9UI08	Q9UI08
Q15477	Q15477
Q16513	Q16513
Q96SB3	Q96SB3
Q13614	Q13614
Q9NSU2	Q9NSU2
A1L170	A1L170
P52735	P52735
Q99653	Q99653
Q969Z0	Q969Z0
Q96GS4	Q96GS4
Q8N684	Q8N684
Q9BXB5	Q9BXB5
Q7L591	Q7L591
Q96G74	Q96G74
Q96S44	Q96S44
P54725	P54725
Q7Z4H7	Q7Z4H7
Q86TB9	Q86TB9
Q9BYX2	Q9BYX2
O43524	O43524
Q9BVN2	Q9BVN2
Q9P275	Q9P275
Q6PJI9	Q6PJI9
Q96A73	Q96A73
O00512	O00512
Q15131	Q15131
P17676	P17676
Q9H1Z4	Q9H1Z4
P50613	P50613
P42694	P42694
Q147X3	Q147X3
Q9Y259	Q9Y259
Q9H9J4	Q9H9J4
Q9BTA9	Q9BTA9
Q96PU8	Q96PU8
O43639	O43639
P17275	P17275
Q6DD88	Q6DD88
Q2VPK5	Q2VPK5
Q13823	Q13823
O75794	O75794
Q9Y2W2	Q9Y2W2
Q8IY17	Q8IY17
Q9H0X9	Q9H0X9
Q96M96	Q96M96
Q8NE62	Q8NE62
Q8IVM0	Q8IVM0
Q9H3E2	Q9H3E2
Q6ZW31	Q6ZW31
Q9Y6G9	Q9Y6G9
Q96AM1	Q96AM1
Q92888	Q92888
Q15084	Q15084
Q58WW2	Q58WW2
P31942	P31942
Q8NCP5	Q8NCP5
P06241	P06241
Q99816	Q99816
Q18PE1	Q18PE1
Q15361	Q15361
Q96EV8	Q96EV8
Q15696	Q15696
Q9P2N6	Q9P2N6
P19419	P19419
Q6PJF5	Q6PJF5
P78504	P78504
Q96S90	Q96S90
Q9BTK6	Q9BTK6
Q96RL1	Q96RL1
Q6P158	Q6P158
Q9P2D0	Q9P2D0
Q8TBE0	Q8TBE0
P49590	P49590
Q86WN1	Q86WN1
Q70EK8	Q70EK8
Q6ZNE5	Q6ZNE5
Q6PJT7	Q6PJT7
Q14517	Q14517
Q96S82	Q96S82
Q5VWJ9	Q5VWJ9
Q96EY5	Q96EY5
Q6ZRP7	Q6ZRP7
P27348	P27348
Q9UJY1	Q9UJY1
O95782	O95782
O60516	O60516
P49116	P49116
Q9NPG3	Q9NPG3
Q9UDY4	Q9UDY4
O95758	O95758
Q8NHG8	Q8NHG8
Q96D46	Q96D46
Q9NZJ4	Q9NZJ4
Q8IWU2	Q8IWU2
Q96KR1	Q96KR1
Q9H6R7	Q9H6R7
Q2TAM9	Q2TAM9
Q96QR8	Q96QR8
Q14671	Q14671
A8MVW0	A8MVW0
O95490	O95490
Q8N3K9	Q8N3K9
Q8IWE5	Q8IWE5
Q8NB14	Q8NB14
Q9HD20	Q9HD20
Q9HC78	Q9HC78
Q92623	Q92623
O95487	O95487
P46109	P46109
Q96CC6	Q96CC6
Q16706	Q16706
P57768	P57768
Q07092	Q07092
P17812	P17812
P36915	P36915
P18031	P18031
O00267	O00267
Q6ZW76	Q6ZW76
Q8NCJ5	Q8NCJ5
Q15417	Q15417
Q8WU17	Q8WU17
Q01201	Q01201
O75190	O75190
Q96C57	Q96C57
Q8IX01	Q8IX01
Q969R5	Q969R5
Q9ULI3	Q9ULI3
O14745	O14745
Q6ZVH7	Q6ZVH7
P54253	P54253
P17029	P17029
O60884	O60884
Q96D09	Q96D09
Q9BVP2	Q9BVP2
P10644	P10644
P29317	P29317
Q6TFL4	Q6TFL4
Q13563	Q13563
O43150	O43150
P51991	P51991
Q9ULL4	Q9ULL4
Q9NZ56	Q9NZ56
Q99996	Q99996
Q9H6Y2	Q9H6Y2
P0C264	P0C264
Q9NTJ3	Q9NTJ3
B2RBV5	B2RBV5
Q02156	Q02156
Q14195	Q14195
Q9NQ29	Q9NQ29
Q01995	Q01995
Q9BUR4	Q9BUR4
P13796	P13796
Q96EI5	Q96EI5
P55291	P55291
Q15007	Q15007
Q8TF74	Q8TF74
P78524	P78524
Q9H6U6	Q9H6U6
Q6P3S6	Q6P3S6
O96019	O96019
Q01167	Q01167
Q13098	Q13098
Q9H8M2	Q9H8M2
Q12986	Q12986
Q6UXF1	Q6UXF1
Q92889	Q92889
Q86U06	Q86U06
Q96GF1	Q96GF1
Q9UPX8	Q9UPX8
P29353	P29353
O95071	O95071
O14950	O14950
P30050	P30050
Q9P0B6	Q9P0B6
P47756	P47756
Q8IUW3	Q8IUW3
P0DJ93	P0DJ93
O60341	O60341
Q13049	Q13049
Q16630	Q16630
Q92917	Q92917
P15151	P15151
Q9NPE2	Q9NPE2
Q96AY4	Q96AY4
Q9NQS1	Q9NQS1
O60749	O60749
Q96J84	Q96J84
Q96PV6	Q96PV6
Q7Z333	Q7Z333
P06756	P06756
Q9ULH7	Q9ULH7
Q96PY6	Q96PY6
Q9Y2B1	Q9Y2B1
Q92615	Q92615
Q53GS9	Q53GS9
Q8WUQ7	Q8WUQ7
Q9Y2V2	Q9Y2V2
Q92841	Q92841
Q7Z589	Q7Z589
Q8NAF0	Q8NAF0
Q6UY14	Q6UY14
Q96JE7	Q96JE7
Q9Y6P5	Q9Y6P5
Q9H4B6	Q9H4B6
Q5T0N5	Q5T0N5
O14980	O14980
O43301	O43301
Q969E8	Q969E8
O95361	O95361
Q02297	Q02297
Q7L8J4	Q7L8J4
P61619	P61619
Q13043	Q13043
Q9Y388	Q9Y388
O60292	O60292
Q8WYP5	Q8WYP5
Q76FK4	Q76FK4
Q68D10	Q68D10
Q8NBU5	Q8NBU5
Q09019	Q09019
Q969S2	Q969S2
Q4G0F5	Q4G0F5
Q9Y4P1	Q9Y4P1
O43488	O43488
Q15233	Q15233
Q9Y3T6	Q9Y3T6
P61026	P61026
Q13085	Q13085
Q01664	Q01664
Q13618	Q13618
Q6MZQ0	Q6MZQ0
Q8IXT5	Q8IXT5
Q8WXF1	Q8WXF1
P50479	P50479
P51149	P51149
Q96S66	Q96S66
Q13286	Q13286
P37173	P37173
P18669	P18669
Q9NYF3	Q9NYF3
P78344	P78344
Q9NRG9	Q9NRG9
A6NK97	A6NK97
Q01196	Q01196
Q13636	Q13636
O75508	O75508
Q9H3S7	Q9H3S7
Q4G0W2	Q4G0W2
Q9UEG4	Q9UEG4
Q15435	Q15435
Q5JU85	Q5JU85
P49674	P49674
Q9NQ92	Q9NQ92
Q5SRE5	Q5SRE5
P48730	P48730
Q96IF1	Q96IF1
Q5VTQ0	Q5VTQ0
O60678	O60678
Q15582	Q15582
Q96ST3	Q96ST3
Q9NVN3	Q9NVN3
Q7Z7N9	Q7Z7N9
P12111	P12111
Q9P1Z2	Q9P1Z2
Q9HCL0	Q9HCL0
Q7L4E1	Q7L4E1
Q9BVT8	Q9BVT8
O00541	O00541
Q9HD26	Q9HD26
Q9H330	Q9H330
Q9P212	Q9P212
P21860	P21860
Q9NQG7	Q9NQG7
P22626	P22626
P35555	P35555
Q9NXC5	Q9NXC5
Q99081	Q99081
Q9UJK0	Q9UJK0
Q9ULL5	Q9ULL5
P08621	P08621
Q9BRQ0	Q9BRQ0
Q96LD4	Q96LD4
P30419	P30419
Q9NZM4	Q9NZM4
Q13144	Q13144
O94776	O94776
Q96CP6	Q96CP6
Q6GQQ9	Q6GQQ9
Q9NXV6	Q9NXV6
Q9Y6R9	Q9Y6R9
Q96RV3	Q96RV3
Q53GG5	Q53GG5
Q9NPQ8	Q9NPQ8
Q9NVS9	Q9NVS9
Q9UEE5	Q9UEE5
Q92994	Q92994
Q9Y6F6	Q9Y6F6
P52756	P52756
Q9NRF2	Q9NRF2
P83876	P83876
P12268	P12268
Q9NZN8	Q9NZN8
Q5VT52	Q5VT52
P06733	P06733
Q15758	Q15758
Q96A00	Q96A00
Q96MG7	Q96MG7
Q13573	Q13573
P04792	P04792
Q96KG7	Q96KG7
O14920	O14920
Q7Z434	Q7Z434
Q8IZJ1	Q8IZJ1
Q13242	Q13242
Q9UIF9	Q9UIF9
Q9H1I8	Q9H1I8
Q8WXI9	Q8WXI9
Q01813	Q01813
Q9BUJ2	Q9BUJ2
P11274	P11274
Q96SB4	Q96SB4
P0DPB5	P0DPB5
Q99623	Q99623
O60547	O60547
P22694	P22694
Q6UX71	Q6UX71
Q9Y6W5	Q9Y6W5
Q5VYS4	Q5VYS4
Q9BUZ4	Q9BUZ4
Q32MK0	Q32MK0
O43847	O43847
Q562E7	Q562E7
Q13671	Q13671
O00562	O00562
Q6PJG6	Q6PJG6
P10398	P10398
Q6NWY9	Q6NWY9
Q7L2E3	Q7L2E3
Q99576	Q99576
P15408	P15408
Q13613	Q13613
O95759	O95759
Q2M1K9	Q2M1K9
Q9H7P9	Q9H7P9
O60565	O60565
P45974	P45974
P08240	P08240
P0C7T5	P0C7T5
Q9NUY8	Q9NUY8
P28066	P28066
Q96G01	Q96G01
Q9P273	Q9P273
O95633	O95633
Q96LW7	Q96LW7
Q9H5N1	Q9H5N1
Q8IZQ1	Q8IZQ1
P31948	P31948
Q96S15	Q96S15
Q9P2K8	Q9P2K8
Q6XZF7	Q6XZF7
P33527	P33527
Q9BQ39	Q9BQ39
Q53ET0	Q53ET0
P86791	P86791
O14641	O14641
Q07889	Q07889
Q9Y4B6	Q9Y4B6
Q9P2K3	Q9P2K3
Q96RY7	Q96RY7
Q8WXF0	Q8WXF0
Q8N961	Q8N961
Q9H7M9	Q9H7M9
P53365	P53365
Q9HBF4	Q9HBF4
O75607	O75607
Q9C0E2	Q9C0E2
Q9HB19	Q9HB19
Q8NAV1	Q8NAV1
Q8WVK2	Q8WVK2
Q13642	Q13642
P98196	P98196
Q14667	Q14667
P35499	P35499
Q07954	Q07954
O60256	O60256
Q86XN8	Q86XN8
Q9NR12	Q9NR12
O94921	O94921
P16234	P16234
O75157	O75157
Q6ZU35	Q6ZU35
O95210	O95210
Q07352	Q07352
Q9NYB9	Q9NYB9
P27105	P27105
Q13443	Q13443
P13984	P13984
Q13547	Q13547
P27361	P27361
Q9UD71	Q9UD71
P22234	P22234
P16298	P16298
Q5TDH0	Q5TDH0
Q15831	Q15831
O60443	O60443
P07741	P07741
Q16832	Q16832
Q9Y2S7	Q9Y2S7
O75161	O75161
Q14137	Q14137
Q8IX21	Q8IX21
P12694	P12694
Q14156	Q14156
Q7Z2X4	Q7Z2X4
Q86T03	Q86T03
Q9BSW2	Q9BSW2
P35251	P35251
P36578	P36578
P13639	P13639
Q9UM11	Q9UM11
P14859	P14859
P18621	P18621
Q9BZG1	Q9BZG1
A1IGU5	A1IGU5
O60934	O60934
O60701	O60701
P49841	P49841
Q9NTI2	Q9NTI2
Q96J66	Q96J66
Q6ZP82	Q6ZP82
P08134	P08134
Q8WUX9	Q8WUX9
O14867	O14867
Q03393	Q03393
P19174	P19174
O75324	O75324
Q86VF7	Q86VF7
Q9Y4K4	Q9Y4K4
Q5JWF2	Q5JWF2
Q15063	Q15063
O75864	O75864
P07437	P07437
Q9UBP9	Q9UBP9
Q16584	Q16584
Q15388	Q15388
Q9UGJ0	Q9UGJ0
Q00872	Q00872
O14494	O14494
O94851	O94851
O00444	O00444
Q86TN4	Q86TN4
Q6ZRI6	Q6ZRI6
P56211	P56211
Q8WX92	Q8WX92
P34741	P34741
P36507	P36507
P17096	P17096
Q9Y597	Q9Y597
P48556	P48556
Q9BWT3	Q9BWT3
Q9BUH6	Q9BUH6
O95149	O95149
Q96A19	Q96A19
Q96LY2	Q96LY2
Q15773	Q15773
Q2KHR2	Q2KHR2
Q8TCG2	Q8TCG2
Q8WXG6	Q8WXG6
Q13057	Q13057
Q8N8G2	Q8N8G2
O95980	O95980
Q5T749	Q5T749
Q9P013	Q9P013
Q9P2E5	Q9P2E5
P54821	P54821
Q12841	Q12841
Q9Y2F5	Q9Y2F5
Q9P225	Q9P225
O95873	O95873
Q86US8	Q86US8
Q99959	Q99959
Q96CB8	Q96CB8
Q08378	Q08378
Q9H3C7	Q9H3C7
Q9P035	Q9P035
Q12774	Q12774
Q9H3M7	Q9H3M7
P38936	P38936
Q86U90	Q86U90
Q6UUV7	Q6UUV7
Q9UNE7	Q9UNE7
Q9NX74	Q9NX74
Q14573	Q14573
Q9C086	Q9C086
Q14558	Q14558
O95248	O95248
Q6ZV89	Q6ZV89
Q9ULC8	Q9ULC8
Q9NVM1	Q9NVM1
P22105	P22105
Q9P2H5	Q9P2H5
Q8N6R0	Q8N6R0
O00178	O00178
Q9BZF2	Q9BZF2
Q9H832	Q9H832
Q96F44	Q96F44
Q12769	Q12769
Q9HCM3	Q9HCM3
Q9C004	Q9C004
O60231	O60231
P08648	P08648
Q8N357	Q8N357
Q8IY22	Q8IY22
Q5SQI0	Q5SQI0
Q52LR7	Q52LR7
Q7L5A3	Q7L5A3
A6ND36	A6ND36
Q8N6N3	Q8N6N3
Q9BU19	Q9BU19
Q15596	Q15596
P04626	P04626
Q9NXH8	Q9NXH8
Q96F63	Q96F63
O75448	O75448
O76024	O76024
Q9ULF5	Q9ULF5
Q5T8P6	Q5T8P6
Q53EP0	Q53EP0
Q96K21	Q96K21
Q13596	Q13596
P78317	P78317
Q96BJ3	Q96BJ3
Q53QV2	Q53QV2
Q9UPY5	Q9UPY5
Q9UJ14	Q9UJ14
Q14147	Q14147
Q9UP83	Q9UP83
Q9Y6C2	Q9Y6C2
P23508	P23508
P63000	P63000
A6NM62	A6NM62
Q9BRR9	Q9BRR9
Q86X10	Q86X10
P19838	P19838
Q16514	Q16514
Q9ULP9	Q9ULP9
Q7Z3B3	Q7Z3B3
Q6ZN04	Q6ZN04
Q5U5Q3	Q5U5Q3
O95251	O95251
Q5SQQ9	Q5SQQ9
P98198	P98198
P62753	P62753
Q9BZL6	Q9BZL6
P19021	P19021
O94842	O94842
P55316	P55316
Q9H270	Q9H270
Q5T3F8	Q5T3F8
Q99719	Q99719
Q5W0Z9	Q5W0Z9
Q99788	Q99788
O43896	O43896
P27986	P27986
P98160	P98160
Q9HBM0	Q9HBM0
Q02410	Q02410
Q8IWV7	Q8IWV7
Q09013	Q09013
Q8NE00	Q8NE00
P52272	P52272
Q9Y365	Q9Y365
Q86UX6	Q86UX6
Q8NCE2	Q8NCE2
O75335	O75335
Q9BQ67	Q9BQ67
Q9NY27	Q9NY27
Q13322	Q13322
O75665	O75665
P54646	P54646
Q13895	Q13895
Q13546	Q13546
O76080	O76080
A4D1P6	A4D1P6
Q9BYI3	Q9BYI3
Q9UIK4	Q9UIK4
Q99829	Q99829
Q9UPQ7	Q9UPQ7
Q9NRA2	Q9NRA2
Q8IWA5	Q8IWA5
Q9GZY8	Q9GZY8
Q8TBZ6	Q8TBZ6
Q8TF40	Q8TF40
Q9H1A4	Q9H1A4
P37802	P37802
Q9Y3Z3	Q9Y3Z3
Q9Y2B0	Q9Y2B0
Q93008	Q93008
P41279	P41279
P15531	P15531
P22392	P22392
O75379	O75379
Q9H000	Q9H000
Q86X95	Q86X95
Q8WU20	Q8WU20
Q96AD5	Q96AD5
Q86VY9	Q86VY9
Q9NSD5	Q9NSD5
Q8IVP5	Q8IVP5
P39687	P39687
Q13371	Q13371
Q9H4X1	Q9H4X1
O60825	O60825
Q00577	Q00577
Q9BX95	Q9BX95
Q13542	Q13542
Q9HAK2	Q9HAK2
Q5JYT7	Q5JYT7
Q9BY44	Q9BY44
O00629	O00629
O94986	O94986
Q9UGI6	Q9UGI6
Q08289	Q08289
Q9NZI8	Q9NZI8
Q96RT6	Q96RT6
Q86VB7	Q86VB7
Q96PK6	Q96PK6
Q07617	Q07617
P31323	P31323
Q9BTT6	Q9BTT6
Q13615	Q13615
Q8IXQ3	Q8IXQ3
Q14643	Q14643
P13612	P13612
P49760	P49760
Q8TC92	Q8TC92
Q96BH1	Q96BH1
Q9NV29	Q9NV29
Q13950	Q13950
Q9NZ63	Q9NZ63
Q5XUX0	Q5XUX0
Q13946	Q13946
Q6ZN18	Q6ZN18
P46934	P46934
O75896	O75896
O75676	O75676
P55042	P55042
Q8IYB1	Q8IYB1
Q9NP56	Q9NP56
Q9UFB7	Q9UFB7
Q9NX58	Q9NX58
P81274	P81274
Q69YU3	Q69YU3
Q9BWN1	Q9BWN1
Q8N7C4	Q8N7C4
P55201	P55201
Q96EP0	Q96EP0
P47974	P47974
O60658	O60658
Q9HB21	Q9HB21
Q14149	Q14149
P49207	P49207
Q96MD7	Q96MD7
Q9HCG8	Q9HCG8
Q9BTC0	Q9BTC0
Q16875	Q16875
Q8TDN4	Q8TDN4
Q92564	Q92564
Q96I25	Q96I25
P40222	P40222
Q5QP82	Q5QP82
P31749	P31749
Q96IW2	Q96IW2
Q13574	Q13574
Q8N612	Q8N612
Q8N1G1	Q8N1G1
Q9NXR1	Q9NXR1
O15033	O15033
Q9BW61	Q9BW61
O00501	O00501
Q01581	Q01581
Q8TDJ6	Q8TDJ6
Q96RU3	Q96RU3
Q9C0E4	Q9C0E4
Q8N9N8	Q8N9N8
P57081	P57081
P49450	P49450
Q5VTL8	Q5VTL8
Q9BUI4	Q9BUI4
Q6Q0C0	Q6Q0C0
Q9H2H9	Q9H2H9
Q8TD16	Q8TD16
P54278	P54278
Q9Y6K9	Q9Y6K9
Q9ULD4	Q9ULD4
Q9BVA0	Q9BVA0
Q05193	Q05193
Q14123	Q14123
Q9Y5W9	Q9Y5W9
Q8TAB5	Q8TAB5
Q07001	Q07001
Q9UMX3	Q9UMX3
P18054	P18054
P49757	P49757
Q9NYV4	Q9NYV4
Q6ZRS2	Q6ZRS2
Q8NHH9	Q8NHH9
Q14432	Q14432
Q5SNT2	Q5SNT2
Q96AX9	Q96AX9
Q9BRQ6	Q9BRQ6
Q8IWF6	Q8IWF6
Q9UJX2	Q9UJX2
Q9NZJ7	Q9NZJ7
P98095	P98095
O60493	O60493
Q2KHT3	Q2KHT3
P11413	P11413
Q86XA9	Q86XA9
Q15672	Q15672
O14908	O14908
Q92560	Q92560
Q86YD1	Q86YD1
Q9P2F6	Q9P2F6
Q8N3R9	Q8N3R9
Q14739	Q14739
O15211	O15211
Q9UKV8	Q9UKV8
Q6P4Q7	Q6P4Q7
Q16629	Q16629
Q8TC71	Q8TC71
Q8TEA8	Q8TEA8
Q92633	Q92633
Q92618	Q92618
O75061	O75061
Q8IVE3	Q8IVE3
Q969H6	Q969H6
P53355	P53355
Q96RF0	Q96RF0
Q5J8M3	Q5J8M3
Q6AWC2	Q6AWC2
Q9ULE0	Q9ULE0
Q9H8W4	Q9H8W4
P52298	P52298
P17655	P17655
Q9UJV9	Q9UJV9
O60239	O60239
Q8TBB5	Q8TBB5
Q5TAQ9	Q5TAQ9
Q8N6G6	Q8N6G6
P06744	P06744
Q13835	Q13835
P30411	P30411
Q9Y6K1	Q9Y6K1
O94888	O94888
P86452	P86452
Q15059	Q15059
O75494	O75494
Q9BXW6	Q9BXW6
O43909	O43909
Q96L93	Q96L93
Q9BXB4	Q9BXB4
B7ZBB8	B7ZBB8
Q9BRK0	Q9BRK0
Q9H902	Q9H902
A3KN83	A3KN83
Q9Y580	Q9Y580
Q96EQ0	Q96EQ0
Q96AG3	Q96AG3
Q8N3C7	Q8N3C7
Q8N2U9	Q8N2U9
Q13158	Q13158
O43823	O43823
P57740	P57740
Q8WV41	Q8WV41
Q9BYC5	Q9BYC5
Q10570	Q10570
Q01518	Q01518
Q10471	Q10471
Q92685	Q92685
Q96FS4	Q96FS4
Q07666	Q07666
Q2M1P5	Q2M1P5
P35367	P35367
Q93100	Q93100
Q9NVE7	Q9NVE7
O60673	O60673
Q9UKT5	Q9UKT5
Q12756	Q12756
Q14999	Q14999
Q9Y519	Q9Y519
Q9HAH1	Q9HAH1
Q86TP1	Q86TP1
Q9GZV5	Q9GZV5
Q15173	Q15173
Q92597	Q92597
Q9UI47	Q9UI47
O14662	O14662
Q5FWE3	Q5FWE3
Q9HAZ1	Q9HAZ1
Q14204	Q14204
Q5VU43	Q5VU43
Q9Y4D8	Q9Y4D8
Q13243	Q13243
Q8NAP3	Q8NAP3
Q63HQ0	Q63HQ0
P17026	P17026
Q9P107	Q9P107
Q9Y561	Q9Y561
Q9UJ70	Q9UJ70
Q92844	Q92844
Q53GT1	Q53GT1
Q8IUW5	Q8IUW5
O43353	O43353
Q15569	Q15569
Q13393	Q13393
O95831	O95831
O95544	O95544
Q6ZSZ5	Q6ZSZ5
Q96EN8	Q96EN8
Q4V328	Q4V328
Q9H1H9	Q9H1H9
P26045	P26045
Q14596	Q14596
Q9H2U2	Q9H2U2
O76041	O76041
Q9Y4F3	Q9Y4F3
O15273	O15273
Q13330	Q13330
Q68BL7	Q68BL7
Q96Q40	Q96Q40
O95999	O95999
O95835	O95835
Q6PH81	Q6PH81
Q68DA7	Q68DA7
Q9BZ72	Q9BZ72
O15061	O15061
O15169	O15169
Q96N64	Q96N64
P33241	P33241
P53667	P53667
Q99973	Q99973
Q9H0F6	Q9H0F6
Q5T011	Q5T011
P10075	P10075
P41212	P41212
Q96B54	Q96B54
Q8N4L2	Q8N4L2
Q5T7W0	Q5T7W0
Q58EX2	Q58EX2
C9JLW8	C9JLW8
O75955	O75955
Q99638	Q99638
Q9H6Z4	Q9H6Z4
P49761	P49761
O96018	O96018
Q14653	Q14653
Q86YT6	Q86YT6
Q9NQB0	Q9NQB0
Q15637	Q15637
Q8N5C8	Q8N5C8
Q8WXE0	Q8WXE0
Q9NR82	Q9NR82
Q96HA9	Q96HA9
Q14106	Q14106
O60583	O60583
P55197	P55197
Q13829	Q13829
Q9HD42	Q9HD42
Q12979	Q12979
Q15172	Q15172
P20794	P20794
O43933	O43933
Q14011	Q14011
P47736	P47736
O95155	O95155
Q16537	Q16537
Q9NU19	Q9NU19
Q9BQD3	Q9BQD3
P56749	P56749
Q9NTZ6	Q9NTZ6
Q8N3Y1	Q8N3Y1
Q9NVW2	Q9NVW2
Q6ZUS6	Q6ZUS6
Q9NXX6	Q9NXX6
Q8IWX8	Q8IWX8
Q9NWB6	Q9NWB6
Q9UN36	Q9UN36
Q9UGV2	Q9UGV2
Q9UIW2	Q9UIW2
P35221	P35221
P61764	P61764
Q7Z5R6	Q7Z5R6
Q14767	Q14767
O95429	O95429
Q8WWY3	Q8WWY3
Q6NV75	Q6NV75
Q86VQ0	Q86VQ0
Q9BY77	Q9BY77
Q8TBC5	Q8TBC5
Q14166	Q14166
O75131	O75131
Q14789	Q14789
Q9NPH3	Q9NPH3
Q7LG56	Q7LG56
Q9BTU6	Q9BTU6
Q01850	Q01850
Q5T8I3	Q5T8I3
Q5T9C2	Q5T9C2
Q9ULV0	Q9ULV0
Q8N5Y2	Q8N5Y2
Q7Z3E2	Q7Z3E2
Q9UBG0	Q9UBG0
Q86WP2	Q86WP2
P46019	P46019
Q9NX94	Q9NX94
O14713	O14713
Q9BZ67	Q9BZ67
Q8N6U8	Q8N6U8
P35606	P35606
Q92629	Q92629
Q9UGI8	Q9UGI8
Q9UHB6	Q9UHB6
Q13683	Q13683
Q9NW07	Q9NW07
O14874	O14874
Q99607	Q99607
Q9UBF9	Q9UBF9
P04150	P04150
Q9H813	Q9H813
Q13315	Q13315
Q06455	Q06455
P49759	P49759
Q7L9B9	Q7L9B9
P02545	P02545
P12883	P12883
Q8N1W1	Q8N1W1
Q92681	Q92681
Q92621	Q92621
Q9HB20	Q9HB20
Q86UW7	Q86UW7
Q676U5	Q676U5
Q8N122	Q8N122
Q9Y2G3	Q9Y2G3
C9J069	C9J069
P07738	P07738
Q6NT76	Q6NT76
Q9C0D7	Q9C0D7
Q9BZE4	Q9BZE4
P45973	P45973
Q9NZH0	Q9NZH0
Q9UBS8	Q9UBS8
Q9UL54	Q9UL54
Q9BZF3	Q9BZF3
Q92804	Q92804
Q7Z3U7	Q7Z3U7
Q8WYK2	Q8WYK2
O43251	O43251
P15173	P15173
Q3KP44	Q3KP44
Q5T0B9	Q5T0B9
Q8IZR5	Q8IZR5
Q3MHD2	Q3MHD2
Q9HA47	Q9HA47
Q12874	Q12874
Q14135	Q14135
Q8IWY9	Q8IWY9
O75907	O75907
Q8IVN3	Q8IVN3
Q13561	Q13561
Q05397	Q05397
P31751	P31751
P45985	P45985
Q9Y285	Q9Y285
Q03164	Q03164
Q9BYV2	Q9BYV2
P18858	P18858
Q8IY95	Q8IY95
Q7Z698	Q7Z698
A6NKF1	A6NKF1
Q9Y5S1	Q9Y5S1
Q16828	Q16828
Q9NZ52	Q9NZ52
Q9NRJ4	Q9NRJ4
Q92882	Q92882
P40306	P40306
Q9H788	Q9H788
Q96A65	Q96A65
Q6UUV9	Q6UUV9
P02751	P02751
P07199	P07199
P30825	P30825
Q15653	Q15653
P26641	P26641
Q96T60	Q96T60
Q5T230	Q5T230
Q02750	Q02750
Q6UVK1	Q6UVK1
Q06587	Q06587
Q9UNN5	Q9UNN5
Q9Y2I1	Q9Y2I1
O14936	O14936
Q9H9C1	Q9H9C1
Q00610	Q00610
P51580	P51580
P49810	P49810
Q5EBL4	Q5EBL4
Q9UPY8	Q9UPY8
Q9BW91	Q9BW91
Q6H8Q1	Q6H8Q1
Q96S97	Q96S97
O00308	O00308
O43474	O43474
Q96QT6	Q96QT6
Q17R98	Q17R98
Q96A32	Q96A32
P10809	P10809
Q96I24	Q96I24
Q6BDS2	Q6BDS2
Q5XUX1	Q5XUX1
O43930	O43930
P28482	P28482
Q6ZU65	Q6ZU65
Q6QNY0	Q6QNY0
Q15054	Q15054
O43439	O43439
Q9HC52	Q9HC52
Q96LR5	Q96LR5
Q9Y2D8	Q9Y2D8
Q16586	Q16586
Q06210	Q06210
Q9Y4L1	Q9Y4L1
Q9HCJ0	Q9HCJ0
Q8N392	Q8N392
O76061	O76061
Q9NQ55	Q9NQ55
Q96I34	Q96I34
P51798	P51798
Q9Y2W3	Q9Y2W3
Q9NP87	Q9NP87
O75170	O75170
Q7KYR7	Q7KYR7
O43194	O43194
O95696	O95696
Q96LT9	Q96LT9
Q9BTE3	Q9BTE3
Q96JI7	Q96JI7
P08581	P08581
P35749	P35749
Q8N128	Q8N128
P51151	P51151
Q8N5J2	Q8N5J2
Q8NCN4	Q8NCN4
Q15365	Q15365
Q8WVM8	Q8WVM8
Q9UKG1	Q9UKG1
Q8TF42	Q8TF42
Q9HCE0	Q9HCE0
P13994	P13994
Q24JP5	Q24JP5
Q5VTT5	Q5VTT5
Q6N075	Q6N075
Q6PK04	Q6PK04
Q99575	Q99575
Q9NUJ3	Q9NUJ3
Q9NVZ3	Q9NVZ3
P46527	P46527
Q96C92	Q96C92
Q96JM2	Q96JM2
P52747	P52747
Q99075	Q99075
Q8NFB2	Q8NFB2
Q6IQ49	Q6IQ49
Q9BRS2	Q9BRS2
Q5VXU3	Q5VXU3
P38117	P38117
O43155	O43155
P18084	P18084
Q9Y243	Q9Y243
O43598	O43598
Q6P5R6	Q6P5R6
Q9BVV8	Q9BVV8
P08559	P08559
Q15262	Q15262
P53004	P53004
O60312	O60312
Q96AH8	Q96AH8
Q9NX63	Q9NX63
P98179	P98179
Q8IVF5	Q8IVF5
P61353	P61353
Q1ED39	Q1ED39
P51784	P51784
Q56P03	Q56P03
A5YM69	A5YM69
Q9UPW0	Q9UPW0
P09651	P09651
P12882	P12882
P14618	P14618
P12814	P12814
O43707	O43707
Q7Z6Z7	Q7Z6Z7
P60709	P60709
P68133	P68133
P68032	P68032
P63261	P63261
P05386	P05386
Q13885	Q13885
Q13509	Q13509
P68371	P68371
Q9UKX2	Q9UKX2
P30837	P30837
O43852	O43852
P61224	P61224
P62834	P62834
Q99729	Q99729
P13929	P13929
P09104	P09104
P24844	P24844
Q9H0U4	Q9H0U4
P25705	P25705
P31946	P31946
Q04917	Q04917
P61981	P61981
